ANYO_ACADEMICO;COD_EOI;COD_PROV;NOM_PROV;COD_MUN;NOM_MUN;COD_NIVEL;DESC_NIVEL;CURSO;IDIOMA;NUM_GRUPOS;MUJERES;HOMBRES;OTROS;TOTAL_MATRICULACIONES
2024;03011136;03;Alicante/Alacant;03014;Alacant/Alicante;A2;NIVEL BÁSICO;1;Alemán;6;89;62;0;151
2024;03011136;03;Alicante/Alacant;03014;Alacant/Alicante;A2;NIVEL BÁSICO;1;Chino;3;38;22;0;60
2024;03011136;03;Alicante/Alacant;03014;Alacant/Alicante;A2;NIVEL BÁSICO;1;Español Como Lengua Extranjera;3;72;31;0;103
2024;03011136;03;Alicante/Alacant;03014;Alacant/Alicante;A2;NIVEL BÁSICO;1;Francés;9;152;70;0;222
2024;03011136;03;Alicante/Alacant;03014;Alacant/Alicante;A2;NIVEL BÁSICO;1;Inglés;14;312;153;0;465
2024;03011136;03;Alicante/Alacant;03014;Alacant/Alicante;A2;NIVEL BÁSICO;1;Italiano;4;82;28;0;110
2024;03011136;03;Alicante/Alacant;03014;Alacant/Alicante;A2;NIVEL BÁSICO;1;Japonés;2;29;31;0;60
2024;03011136;03;Alicante/Alacant;03014;Alacant/Alicante;A2;NIVEL BÁSICO;1;Portugués;3;23;20;0;43
2024;03011136;03;Alicante/Alacant;03014;Alacant/Alicante;A2;NIVEL BÁSICO;1;Ruso;3;24;38;0;62
2024;03011136;03;Alicante/Alacant;03014;Alacant/Alicante;A2;NIVEL BÁSICO;1;Valenciano;3;52;37;0;89
2024;03011136;03;Alicante/Alacant;03014;Alacant/Alicante;A2;NIVEL BÁSICO;1;Árabe;3;21;15;0;36
2024;03011136;03;Alicante/Alacant;03014;Alacant/Alicante;A2;NIVEL BÁSICO;2;Alemán;4;39;18;0;57
2024;03011136;03;Alicante/Alacant;03014;Alacant/Alicante;A2;NIVEL BÁSICO;2;Chino;2;15;12;0;27
2024;03011136;03;Alicante/Alacant;03014;Alacant/Alicante;A2;NIVEL BÁSICO;2;Español Como Lengua Extranjera;4;105;35;0;140
2024;03011136;03;Alicante/Alacant;03014;Alacant/Alicante;A2;NIVEL BÁSICO;2;Francés;7;62;32;0;94
2024;03011136;03;Alicante/Alacant;03014;Alacant/Alicante;A2;NIVEL BÁSICO;2;Inglés;9;158;69;0;227
2024;03011136;03;Alicante/Alacant;03014;Alacant/Alicante;A2;NIVEL BÁSICO;2;Italiano;3;39;26;0;65
2024;03011136;03;Alicante/Alacant;03014;Alacant/Alicante;A2;NIVEL BÁSICO;2;Japonés;1;10;11;0;21
2024;03011136;03;Alicante/Alacant;03014;Alacant/Alicante;A2;NIVEL BÁSICO;2;Portugués;1;6;10;0;16
2024;03011136;03;Alicante/Alacant;03014;Alacant/Alicante;A2;NIVEL BÁSICO;2;Ruso;2;11;16;0;27
2024;03011136;03;Alicante/Alacant;03014;Alacant/Alicante;A2;NIVEL BÁSICO;2;Árabe;1;3;7;0;10
2024;03011136;03;Alicante/Alacant;03014;Alacant/Alicante;A2;NIVEL BÁSICO;3;Chino;1;1;4;0;5
2024;03011136;03;Alicante/Alacant;03014;Alacant/Alicante;A2;NIVEL BÁSICO;3;Japonés;1;4;2;0;6
2024;03011136;03;Alicante/Alacant;03014;Alacant/Alicante;A2;NIVEL BÁSICO;3;Árabe;1;8;0;0;8
2024;03011136;03;Alicante/Alacant;03014;Alacant/Alicante;B1;NIVEL INTERMEDIO;1;Alemán;4;37;17;0;54
2024;03011136;03;Alicante/Alacant;03014;Alacant/Alicante;B1;NIVEL INTERMEDIO;1;Chino;1;3;3;0;6
2024;03011136;03;Alicante/Alacant;03014;Alacant/Alicante;B1;NIVEL INTERMEDIO;1;Español Como Lengua Extranjera;4;98;25;0;123
2024;03011136;03;Alicante/Alacant;03014;Alacant/Alicante;B1;NIVEL INTERMEDIO;1;Francés;5;69;32;0;101
2024;03011136;03;Alicante/Alacant;03014;Alacant/Alicante;B1;NIVEL INTERMEDIO;1;Inglés;17;314;183;0;497
2024;03011136;03;Alicante/Alacant;03014;Alacant/Alicante;B1;NIVEL INTERMEDIO;1;Italiano;2;30;20;0;50
2024;03011136;03;Alicante/Alacant;03014;Alacant/Alicante;B1;NIVEL INTERMEDIO;1;Japonés;1;9;2;0;11
2024;03011136;03;Alicante/Alacant;03014;Alacant/Alicante;B1;NIVEL INTERMEDIO;1;Portugués;1;7;6;0;13
2024;03011136;03;Alicante/Alacant;03014;Alacant/Alicante;B1;NIVEL INTERMEDIO;1;Ruso;1;4;4;0;8
2024;03011136;03;Alicante/Alacant;03014;Alacant/Alicante;B1;NIVEL INTERMEDIO;1;Valenciano;2;26;16;0;42
2024;03011136;03;Alicante/Alacant;03014;Alacant/Alicante;B1;NIVEL INTERMEDIO;1;Árabe;1;1;0;0;1
2024;03011136;03;Alicante/Alacant;03014;Alacant/Alicante;B1;NIVEL INTERMEDIO;2;Alemán;2;22;14;0;36
2024;03011136;03;Alicante/Alacant;03014;Alacant/Alicante;B1;NIVEL INTERMEDIO;2;Chino;1;1;1;0;2
2024;03011136;03;Alicante/Alacant;03014;Alacant/Alicante;B1;NIVEL INTERMEDIO;2;Francés;3;44;20;0;64
2024;03011136;03;Alicante/Alacant;03014;Alacant/Alicante;B1;NIVEL INTERMEDIO;2;Inglés;12;203;106;0;309
2024;03011136;03;Alicante/Alacant;03014;Alacant/Alicante;B1;NIVEL INTERMEDIO;2;Japonés;1;1;4;0;5
2024;03011136;03;Alicante/Alacant;03014;Alacant/Alicante;B1;NIVEL INTERMEDIO;2;Ruso;1;5;6;0;11
2024;03011136;03;Alicante/Alacant;03014;Alacant/Alicante;B1;NIVEL INTERMEDIO;2;Árabe;1;1;3;0;4
2024;03011136;03;Alicante/Alacant;03014;Alacant/Alicante;B1;NIVEL INTERMEDIO;3;Japonés;1;4;3;0;7
2024;03011136;03;Alicante/Alacant;03014;Alacant/Alicante;B2;NIVEL INTERMEDIO;1;Alemán;2;8;11;0;19
2024;03011136;03;Alicante/Alacant;03014;Alacant/Alicante;B2;NIVEL INTERMEDIO;1;Chino;1;1;2;0;3
2024;03011136;03;Alicante/Alacant;03014;Alacant/Alicante;B2;NIVEL INTERMEDIO;1;Español Como Lengua Extranjera;4;90;27;0;117
2024;03011136;03;Alicante/Alacant;03014;Alacant/Alicante;B2;NIVEL INTERMEDIO;1;Francés;3;17;11;0;28
2024;03011136;03;Alicante/Alacant;03014;Alacant/Alicante;B2;NIVEL INTERMEDIO;1;Inglés;12;208;132;0;340
2024;03011136;03;Alicante/Alacant;03014;Alacant/Alicante;B2;NIVEL INTERMEDIO;1;Italiano;2;15;10;0;25
2024;03011136;03;Alicante/Alacant;03014;Alacant/Alicante;B2;NIVEL INTERMEDIO;1;Japonés;1;1;6;0;7
2024;03011136;03;Alicante/Alacant;03014;Alacant/Alicante;B2;NIVEL INTERMEDIO;1;Portugués;1;4;7;0;11
2024;03011136;03;Alicante/Alacant;03014;Alacant/Alicante;B2;NIVEL INTERMEDIO;1;Valenciano;5;79;51;0;130
2024;03011136;03;Alicante/Alacant;03014;Alacant/Alicante;B2;NIVEL INTERMEDIO;1;Árabe;1;4;0;0;4
2024;03011136;03;Alicante/Alacant;03014;Alacant/Alicante;B2;NIVEL INTERMEDIO;2;Alemán;2;10;7;0;17
2024;03011136;03;Alicante/Alacant;03014;Alacant/Alicante;B2;NIVEL INTERMEDIO;2;Francés;3;39;15;0;54
2024;03011136;03;Alicante/Alacant;03014;Alacant/Alicante;B2;NIVEL INTERMEDIO;2;Inglés;12;190;103;0;293
2024;03011136;03;Alicante/Alacant;03014;Alacant/Alicante;B2;NIVEL INTERMEDIO;2;Italiano;2;17;8;0;25
2024;03011136;03;Alicante/Alacant;03014;Alacant/Alicante;B2;NIVEL INTERMEDIO;2;Portugués;1;2;5;0;7
2024;03011136;03;Alicante/Alacant;03014;Alacant/Alicante;B2;NIVEL INTERMEDIO;2;Ruso;1;1;2;0;3
2024;03011136;03;Alicante/Alacant;03014;Alacant/Alicante;C1;NIVEL AVANZADO;1;Alemán;1;4;3;0;7
2024;03011136;03;Alicante/Alacant;03014;Alacant/Alicante;C1;NIVEL AVANZADO;1;Español Como Lengua Extranjera;2;35;16;0;51
2024;03011136;03;Alicante/Alacant;03014;Alacant/Alicante;C1;NIVEL AVANZADO;1;Francés;2;27;10;0;37
2024;03011136;03;Alicante/Alacant;03014;Alacant/Alicante;C1;NIVEL AVANZADO;1;Inglés;11;190;112;0;302
2024;03011136;03;Alicante/Alacant;03014;Alacant/Alicante;C1;NIVEL AVANZADO;1;Italiano;2;27;18;0;45
2024;03011136;03;Alicante/Alacant;03014;Alacant/Alicante;C1;NIVEL AVANZADO;1;Portugués;1;3;0;0;3
2024;03011136;03;Alicante/Alacant;03014;Alacant/Alicante;C1;NIVEL AVANZADO;1;Valenciano;4;73;26;0;99
2024;03011136;03;Alicante/Alacant;03014;Alacant/Alicante;C1;NIVEL AVANZADO;2;Alemán;1;4;2;0;6
2024;03011136;03;Alicante/Alacant;03014;Alacant/Alicante;C1;NIVEL AVANZADO;2;Francés;1;9;6;0;15
2024;03011136;03;Alicante/Alacant;03014;Alacant/Alicante;C1;NIVEL AVANZADO;2;Inglés;10;127;59;0;186
2024;03011136;03;Alicante/Alacant;03014;Alacant/Alicante;C2;NIVEL AVANZADO;1;Alemán;1;7;0;0;7
2024;03011136;03;Alicante/Alacant;03014;Alacant/Alicante;C2;NIVEL AVANZADO;1;Inglés;3;38;16;0;54
2024;03011136;03;Alicante/Alacant;03014;Alacant/Alicante;C2;NIVEL AVANZADO;1;Valenciano;2;38;17;0;55
2024;03011136;03;Alicante/Alacant;03014;Alacant/Alicante;C2;NIVEL AVANZADO;2;Alemán;1;2;1;0;3
2024;03011136;03;Alicante/Alacant;03014;Alacant/Alicante;C2;NIVEL AVANZADO;2;Inglés;3;31;10;0;41
2024;03011136;03;Alicante/Alacant;03014;Alacant/Alicante;C2;NIVEL AVANZADO;2;Valenciano;1;21;6;0;27
2024;03011136;03;Alicante/Alacant;03014;Alacant/Alicante;Complementario Tipo A;SIN DEFINIR;A;Alemán;4;9;5;0;14
2024;03011136;03;Alicante/Alacant;03014;Alacant/Alicante;Complementario Tipo A;SIN DEFINIR;A;Chino;1;3;3;0;6
2024;03011136;03;Alicante/Alacant;03014;Alacant/Alicante;Complementario Tipo A;SIN DEFINIR;A;Español Como Lengua Extranjera;2;22;10;0;32
2024;03011136;03;Alicante/Alacant;03014;Alacant/Alicante;Complementario Tipo A;SIN DEFINIR;A;Francés;6;12;7;0;19
2024;03011136;03;Alicante/Alacant;03014;Alacant/Alicante;Complementario Tipo A;SIN DEFINIR;A;Inglés;13;71;29;0;100
2024;03011136;03;Alicante/Alacant;03014;Alacant/Alicante;Complementario Tipo A;SIN DEFINIR;A;Italiano;1;4;2;0;6
2024;03011136;03;Alicante/Alacant;03014;Alacant/Alicante;Complementario Tipo A;SIN DEFINIR;A;Valenciano;1;3;1;0;4
2024;03011136;03;Alicante/Alacant;03014;Alacant/Alicante;Complementario Tipo B;SIN DEFINIR;B;Inglés;1;1;0;0;1
2024;03012359;03;Alicante/Alacant;03065;Elx/Elche;A2;NIVEL BÁSICO;1;Alemán;7;91;72;0;163
2024;03012359;03;Alicante/Alacant;03065;Elx/Elche;A2;NIVEL BÁSICO;1;Francés;10;173;90;0;263
2024;03012359;03;Alicante/Alacant;03065;Elx/Elche;A2;NIVEL BÁSICO;1;Inglés;12;212;108;0;320
2024;03012359;03;Alicante/Alacant;03065;Elx/Elche;A2;NIVEL BÁSICO;1;Italiano;5;94;47;0;141
2024;03012359;03;Alicante/Alacant;03065;Elx/Elche;A2;NIVEL BÁSICO;1;Japonés;2;26;31;0;57
2024;03012359;03;Alicante/Alacant;03065;Elx/Elche;A2;NIVEL BÁSICO;1;Valenciano;2;23;10;0;33
2024;03012359;03;Alicante/Alacant;03065;Elx/Elche;A2;NIVEL BÁSICO;1;Árabe;2;12;8;0;20
2024;03012359;03;Alicante/Alacant;03065;Elx/Elche;A2;NIVEL BÁSICO;2;Alemán;5;29;24;0;53
2024;03012359;03;Alicante/Alacant;03065;Elx/Elche;A2;NIVEL BÁSICO;2;Francés;6;59;23;0;82
2024;03012359;03;Alicante/Alacant;03065;Elx/Elche;A2;NIVEL BÁSICO;2;Inglés;9;167;84;0;251
2024;03012359;03;Alicante/Alacant;03065;Elx/Elche;A2;NIVEL BÁSICO;2;Italiano;2;18;13;0;31
2024;03012359;03;Alicante/Alacant;03065;Elx/Elche;A2;NIVEL BÁSICO;2;Japonés;1;7;7;0;14
2024;03012359;03;Alicante/Alacant;03065;Elx/Elche;A2;NIVEL BÁSICO;2;Árabe;2;7;5;0;12
2024;03012359;03;Alicante/Alacant;03065;Elx/Elche;A2;NIVEL BÁSICO;3;Árabe;1;5;0;0;5
2024;03012359;03;Alicante/Alacant;03065;Elx/Elche;B1;NIVEL INTERMEDIO;1;Alemán;1;14;7;0;21
2024;03012359;03;Alicante/Alacant;03065;Elx/Elche;B1;NIVEL INTERMEDIO;1;Francés;5;72;28;0;100
2024;03012359;03;Alicante/Alacant;03065;Elx/Elche;B1;NIVEL INTERMEDIO;1;Inglés;16;291;158;0;449
2024;03012359;03;Alicante/Alacant;03065;Elx/Elche;B1;NIVEL INTERMEDIO;1;Italiano;1;22;7;0;29
2024;03012359;03;Alicante/Alacant;03065;Elx/Elche;B1;NIVEL INTERMEDIO;1;Japonés;1;9;6;0;15
2024;03012359;03;Alicante/Alacant;03065;Elx/Elche;B1;NIVEL INTERMEDIO;1;Valenciano;2;29;11;0;40
2024;03012359;03;Alicante/Alacant;03065;Elx/Elche;B1;NIVEL INTERMEDIO;1;Árabe;1;0;1;0;1
2024;03012359;03;Alicante/Alacant;03065;Elx/Elche;B1;NIVEL INTERMEDIO;2;Alemán;2;15;10;0;25
2024;03012359;03;Alicante/Alacant;03065;Elx/Elche;B1;NIVEL INTERMEDIO;2;Francés;2;17;7;0;24
2024;03012359;03;Alicante/Alacant;03065;Elx/Elche;B1;NIVEL INTERMEDIO;2;Inglés;13;189;102;0;291
2024;03012359;03;Alicante/Alacant;03065;Elx/Elche;B1;NIVEL INTERMEDIO;2;Árabe;1;4;1;0;5
2024;03012359;03;Alicante/Alacant;03065;Elx/Elche;B2;NIVEL INTERMEDIO;1;Alemán;2;17;6;0;23
2024;03012359;03;Alicante/Alacant;03065;Elx/Elche;B2;NIVEL INTERMEDIO;1;Francés;1;20;3;0;23
2024;03012359;03;Alicante/Alacant;03065;Elx/Elche;B2;NIVEL INTERMEDIO;1;Inglés;13;220;132;0;352
2024;03012359;03;Alicante/Alacant;03065;Elx/Elche;B2;NIVEL INTERMEDIO;1;Italiano;1;5;2;0;7
2024;03012359;03;Alicante/Alacant;03065;Elx/Elche;B2;NIVEL INTERMEDIO;1;Valenciano;5;65;24;0;89
2024;03012359;03;Alicante/Alacant;03065;Elx/Elche;B2;NIVEL INTERMEDIO;2;Alemán;2;9;4;0;13
2024;03012359;03;Alicante/Alacant;03065;Elx/Elche;B2;NIVEL INTERMEDIO;2;Francés;1;10;5;0;15
2024;03012359;03;Alicante/Alacant;03065;Elx/Elche;B2;NIVEL INTERMEDIO;2;Inglés;13;159;82;0;241
2024;03012359;03;Alicante/Alacant;03065;Elx/Elche;C1;NIVEL AVANZADO;1;Alemán;1;4;2;0;6
2024;03012359;03;Alicante/Alacant;03065;Elx/Elche;C1;NIVEL AVANZADO;1;Francés;1;10;4;0;14
2024;03012359;03;Alicante/Alacant;03065;Elx/Elche;C1;NIVEL AVANZADO;1;Inglés;13;203;119;0;322
2024;03012359;03;Alicante/Alacant;03065;Elx/Elche;C1;NIVEL AVANZADO;1;Valenciano;6;95;36;0;131
2024;03012359;03;Alicante/Alacant;03065;Elx/Elche;C1;NIVEL AVANZADO;2;Inglés;6;99;47;0;146
2024;03012359;03;Alicante/Alacant;03065;Elx/Elche;C2;NIVEL AVANZADO;1;Inglés;2;30;16;0;46
2024;03012359;03;Alicante/Alacant;03065;Elx/Elche;C2;NIVEL AVANZADO;1;Valenciano;4;68;33;0;101
2024;03012359;03;Alicante/Alacant;03065;Elx/Elche;C2;NIVEL AVANZADO;2;Inglés;1;10;5;0;15
2024;03012359;03;Alicante/Alacant;03065;Elx/Elche;C2;NIVEL AVANZADO;2;Valenciano;3;40;18;0;58
2024;03012359;03;Alicante/Alacant;03065;Elx/Elche;Complementario Tipo A;SIN DEFINIR;A;Alemán;2;6;3;0;9
2024;03012359;03;Alicante/Alacant;03065;Elx/Elche;Complementario Tipo A;SIN DEFINIR;A;Francés;1;7;1;0;8
2024;03012359;03;Alicante/Alacant;03065;Elx/Elche;Complementario Tipo A;SIN DEFINIR;A;Inglés;14;104;25;0;129
2024;03012359;03;Alicante/Alacant;03065;Elx/Elche;Complementario Tipo A;SIN DEFINIR;A;Italiano;1;4;1;0;5
2024;03012359;03;Alicante/Alacant;03065;Elx/Elche;Complementario Tipo A;SIN DEFINIR;A;Valenciano;4;4;1;0;5
2024;03012359;03;Alicante/Alacant;03065;Elx/Elche;Complementario Tipo B;SIN DEFINIR;B;Inglés;1;0;1;0;1
2024;03015579;03;Alicante/Alacant;03133;Torrevieja;A2;NIVEL BÁSICO;1;Alemán;4;42;18;0;60
2024;03015579;03;Alicante/Alacant;03133;Torrevieja;A2;NIVEL BÁSICO;1;Español Como Lengua Extranjera;3;77;27;0;104
2024;03015579;03;Alicante/Alacant;03133;Torrevieja;A2;NIVEL BÁSICO;1;Francés;4;78;27;0;105
2024;03015579;03;Alicante/Alacant;03133;Torrevieja;A2;NIVEL BÁSICO;1;Inglés;9;184;84;0;268
2024;03015579;03;Alicante/Alacant;03133;Torrevieja;A2;NIVEL BÁSICO;1;Ruso;1;15;10;0;25
2024;03015579;03;Alicante/Alacant;03133;Torrevieja;A2;NIVEL BÁSICO;1;Valenciano;2;34;15;0;49
2024;03015579;03;Alicante/Alacant;03133;Torrevieja;A2;NIVEL BÁSICO;2;Alemán;2;19;5;0;24
2024;03015579;03;Alicante/Alacant;03133;Torrevieja;A2;NIVEL BÁSICO;2;Español Como Lengua Extranjera;4;106;35;0;141
2024;03015579;03;Alicante/Alacant;03133;Torrevieja;A2;NIVEL BÁSICO;2;Francés;3;34;5;0;39
2024;03015579;03;Alicante/Alacant;03133;Torrevieja;A2;NIVEL BÁSICO;2;Inglés;5;100;39;0;139
2024;03015579;03;Alicante/Alacant;03133;Torrevieja;A2;NIVEL BÁSICO;2;Ruso;1;4;7;0;11
2024;03015579;03;Alicante/Alacant;03133;Torrevieja;B1;NIVEL INTERMEDIO;1;Alemán;1;7;4;0;11
2024;03015579;03;Alicante/Alacant;03133;Torrevieja;B1;NIVEL INTERMEDIO;1;Español Como Lengua Extranjera;4;102;20;0;122
2024;03015579;03;Alicante/Alacant;03133;Torrevieja;B1;NIVEL INTERMEDIO;1;Francés;1;18;3;0;21
2024;03015579;03;Alicante/Alacant;03133;Torrevieja;B1;NIVEL INTERMEDIO;1;Inglés;7;137;50;0;187
2024;03015579;03;Alicante/Alacant;03133;Torrevieja;B1;NIVEL INTERMEDIO;1;Ruso;1;7;6;0;13
2024;03015579;03;Alicante/Alacant;03133;Torrevieja;B1;NIVEL INTERMEDIO;1;Valenciano;1;9;2;0;11
2024;03015579;03;Alicante/Alacant;03133;Torrevieja;B1;NIVEL INTERMEDIO;2;Alemán;1;8;2;0;10
2024;03015579;03;Alicante/Alacant;03133;Torrevieja;B1;NIVEL INTERMEDIO;2;Francés;1;16;3;0;19
2024;03015579;03;Alicante/Alacant;03133;Torrevieja;B1;NIVEL INTERMEDIO;2;Inglés;5;77;36;0;113
2024;03015579;03;Alicante/Alacant;03133;Torrevieja;B2;NIVEL INTERMEDIO;1;Español Como Lengua Extranjera;3;76;14;0;90
2024;03015579;03;Alicante/Alacant;03133;Torrevieja;B2;NIVEL INTERMEDIO;1;Francés;1;7;1;0;8
2024;03015579;03;Alicante/Alacant;03133;Torrevieja;B2;NIVEL INTERMEDIO;1;Inglés;6;77;31;0;108
2024;03015579;03;Alicante/Alacant;03133;Torrevieja;B2;NIVEL INTERMEDIO;1;Ruso;1;0;3;0;3
2024;03015579;03;Alicante/Alacant;03133;Torrevieja;B2;NIVEL INTERMEDIO;1;Valenciano;1;19;12;0;31
2024;03015579;03;Alicante/Alacant;03133;Torrevieja;B2;NIVEL INTERMEDIO;2;Francés;1;2;1;0;3
2024;03015579;03;Alicante/Alacant;03133;Torrevieja;B2;NIVEL INTERMEDIO;2;Inglés;3;50;24;0;74
2024;03015579;03;Alicante/Alacant;03133;Torrevieja;B2;NIVEL INTERMEDIO;2;Ruso;1;5;1;0;6
2024;03015579;03;Alicante/Alacant;03133;Torrevieja;C1;NIVEL AVANZADO;1;Español Como Lengua Extranjera;1;22;6;0;28
2024;03015579;03;Alicante/Alacant;03133;Torrevieja;C1;NIVEL AVANZADO;1;Inglés;2;32;13;0;45
2024;03015579;03;Alicante/Alacant;03133;Torrevieja;C1;NIVEL AVANZADO;1;Valenciano;1;18;6;0;24
2024;03015579;03;Alicante/Alacant;03133;Torrevieja;C1;NIVEL AVANZADO;2;Inglés;1;20;5;0;25
2024;03015579;03;Alicante/Alacant;03133;Torrevieja;C2;NIVEL AVANZADO;1;Valenciano;1;9;3;0;12
2024;03015579;03;Alicante/Alacant;03133;Torrevieja;C2;NIVEL AVANZADO;2;Valenciano;1;1;7;0;8
2024;03015579;03;Alicante/Alacant;03133;Torrevieja;Complementario Tipo A;SIN DEFINIR;A;Español Como Lengua Extranjera;3;35;13;0;48
2024;03015579;03;Alicante/Alacant;03133;Torrevieja;Complementario Tipo A;SIN DEFINIR;A;Inglés;4;26;6;0;32
2024;03015579;03;Alicante/Alacant;03133;Torrevieja;Complementario Tipo B;SIN DEFINIR;B;Inglés;1;9;1;0;10
2024;03016161;03;Alicante/Alacant;03031;Benidorm;A2;NIVEL BÁSICO;1;Alemán;3;28;22;0;50
2024;03016161;03;Alicante/Alacant;03031;Benidorm;A2;NIVEL BÁSICO;1;Español Como Lengua Extranjera;4;82;59;0;141
2024;03016161;03;Alicante/Alacant;03031;Benidorm;A2;NIVEL BÁSICO;1;Francés;3;31;17;0;48
2024;03016161;03;Alicante/Alacant;03031;Benidorm;A2;NIVEL BÁSICO;1;Inglés;7;126;54;0;180
2024;03016161;03;Alicante/Alacant;03031;Benidorm;A2;NIVEL BÁSICO;1;Italiano;2;30;8;0;38
2024;03016161;03;Alicante/Alacant;03031;Benidorm;A2;NIVEL BÁSICO;1;Valenciano;1;17;13;0;30
2024;03016161;03;Alicante/Alacant;03031;Benidorm;A2;NIVEL BÁSICO;2;Alemán;2;14;8;0;22
2024;03016161;03;Alicante/Alacant;03031;Benidorm;A2;NIVEL BÁSICO;2;Español Como Lengua Extranjera;3;73;32;0;105
2024;03016161;03;Alicante/Alacant;03031;Benidorm;A2;NIVEL BÁSICO;2;Francés;2;16;7;0;23
2024;03016161;03;Alicante/Alacant;03031;Benidorm;A2;NIVEL BÁSICO;2;Inglés;5;88;31;0;119
2024;03016161;03;Alicante/Alacant;03031;Benidorm;A2;NIVEL BÁSICO;2;Italiano;1;14;7;0;21
2024;03016161;03;Alicante/Alacant;03031;Benidorm;B1;NIVEL INTERMEDIO;1;Alemán;1;3;4;0;7
2024;03016161;03;Alicante/Alacant;03031;Benidorm;B1;NIVEL INTERMEDIO;1;Español Como Lengua Extranjera;5;110;40;0;150
2024;03016161;03;Alicante/Alacant;03031;Benidorm;B1;NIVEL INTERMEDIO;1;Francés;1;21;9;0;30
2024;03016161;03;Alicante/Alacant;03031;Benidorm;B1;NIVEL INTERMEDIO;1;Inglés;6;107;61;0;168
2024;03016161;03;Alicante/Alacant;03031;Benidorm;B1;NIVEL INTERMEDIO;1;Valenciano;1;9;1;0;10
2024;03016161;03;Alicante/Alacant;03031;Benidorm;B1;NIVEL INTERMEDIO;2;Alemán;1;4;2;0;6
2024;03016161;03;Alicante/Alacant;03031;Benidorm;B1;NIVEL INTERMEDIO;2;Francés;1;17;3;0;20
2024;03016161;03;Alicante/Alacant;03031;Benidorm;B1;NIVEL INTERMEDIO;2;Inglés;5;81;33;0;114
2024;03016161;03;Alicante/Alacant;03031;Benidorm;B2;NIVEL INTERMEDIO;1;Alemán;1;6;3;0;9
2024;03016161;03;Alicante/Alacant;03031;Benidorm;B2;NIVEL INTERMEDIO;1;Español Como Lengua Extranjera;2;48;12;0;60
2024;03016161;03;Alicante/Alacant;03031;Benidorm;B2;NIVEL INTERMEDIO;1;Francés;1;11;5;0;16
2024;03016161;03;Alicante/Alacant;03031;Benidorm;B2;NIVEL INTERMEDIO;1;Inglés;5;60;33;0;93
2024;03016161;03;Alicante/Alacant;03031;Benidorm;B2;NIVEL INTERMEDIO;1;Italiano;1;6;3;0;9
2024;03016161;03;Alicante/Alacant;03031;Benidorm;B2;NIVEL INTERMEDIO;1;Valenciano;2;12;6;0;18
2024;03016161;03;Alicante/Alacant;03031;Benidorm;B2;NIVEL INTERMEDIO;2;Alemán;1;4;5;0;9
2024;03016161;03;Alicante/Alacant;03031;Benidorm;B2;NIVEL INTERMEDIO;2;Francés;1;7;0;0;7
2024;03016161;03;Alicante/Alacant;03031;Benidorm;B2;NIVEL INTERMEDIO;2;Inglés;4;59;35;0;94
2024;03016161;03;Alicante/Alacant;03031;Benidorm;B2;NIVEL INTERMEDIO;2;Italiano;1;3;0;0;3
2024;03016161;03;Alicante/Alacant;03031;Benidorm;C1;NIVEL AVANZADO;1;Inglés;4;50;22;0;72
2024;03016161;03;Alicante/Alacant;03031;Benidorm;C1;NIVEL AVANZADO;1;Valenciano;3;34;21;0;55
2024;03016161;03;Alicante/Alacant;03031;Benidorm;C1;NIVEL AVANZADO;2;Francés;1;12;7;0;19
2024;03016161;03;Alicante/Alacant;03031;Benidorm;C1;NIVEL AVANZADO;2;Inglés;3;30;19;0;49
2024;03016161;03;Alicante/Alacant;03031;Benidorm;C2;NIVEL AVANZADO;1;Inglés;1;6;2;0;8
2024;03016161;03;Alicante/Alacant;03031;Benidorm;C2;NIVEL AVANZADO;1;Valenciano;3;35;9;0;44
2024;03016161;03;Alicante/Alacant;03031;Benidorm;C2;NIVEL AVANZADO;2;Inglés;1;3;2;0;5
2024;03016161;03;Alicante/Alacant;03031;Benidorm;C2;NIVEL AVANZADO;2;Valenciano;2;20;12;0;32
2024;03016161;03;Alicante/Alacant;03031;Benidorm;Complementario Tipo A;SIN DEFINIR;A;Español Como Lengua Extranjera;1;11;4;0;15
2024;03016161;03;Alicante/Alacant;03031;Benidorm;Complementario Tipo A;SIN DEFINIR;A;Francés;1;2;2;0;4
2024;03016161;03;Alicante/Alacant;03031;Benidorm;Complementario Tipo A;SIN DEFINIR;A;Inglés;5;31;10;0;41
2024;03016161;03;Alicante/Alacant;03031;Benidorm;Complementario Tipo A;SIN DEFINIR;A;Valenciano;1;4;1;0;5
2024;03016161;03;Alicante/Alacant;03031;Benidorm;Complementario Tipo B;SIN DEFINIR;B;Español Como Lengua Extranjera;1;14;7;0;21
2024;03016161;03;Alicante/Alacant;03031;Benidorm;Complementario Tipo B;SIN DEFINIR;B;Francés;1;10;3;0;13
2024;03016161;03;Alicante/Alacant;03031;Benidorm;Complementario Tipo B;SIN DEFINIR;B;Inglés;1;9;3;0;12
2024;03017825;03;Alicante/Alacant;03009;Alcoi/Alcoy;A2;NIVEL BÁSICO;1;Alemán;1;13;16;0;29
2024;03017825;03;Alicante/Alacant;03009;Alcoi/Alcoy;A2;NIVEL BÁSICO;1;Francés;2;19;14;0;33
2024;03017825;03;Alicante/Alacant;03009;Alcoi/Alcoy;A2;NIVEL BÁSICO;1;Inglés;3;37;26;0;63
2024;03017825;03;Alicante/Alacant;03009;Alcoi/Alcoy;A2;NIVEL BÁSICO;1;Italiano;1;15;20;0;35
2024;03017825;03;Alicante/Alacant;03009;Alcoi/Alcoy;A2;NIVEL BÁSICO;1;Valenciano;1;12;2;0;14
2024;03017825;03;Alicante/Alacant;03009;Alcoi/Alcoy;A2;NIVEL BÁSICO;2;Alemán;1;10;10;0;20
2024;03017825;03;Alicante/Alacant;03009;Alcoi/Alcoy;A2;NIVEL BÁSICO;2;Francés;1;12;3;0;15
2024;03017825;03;Alicante/Alacant;03009;Alcoi/Alcoy;A2;NIVEL BÁSICO;2;Inglés;3;50;24;0;74
2024;03017825;03;Alicante/Alacant;03009;Alcoi/Alcoy;A2;NIVEL BÁSICO;2;Italiano;2;22;12;0;34
2024;03017825;03;Alicante/Alacant;03009;Alcoi/Alcoy;B1;NIVEL INTERMEDIO;1;Alemán;1;4;5;0;9
2024;03017825;03;Alicante/Alacant;03009;Alcoi/Alcoy;B1;NIVEL INTERMEDIO;1;Francés;2;22;12;0;34
2024;03017825;03;Alicante/Alacant;03009;Alcoi/Alcoy;B1;NIVEL INTERMEDIO;1;Inglés;5;81;68;0;149
2024;03017825;03;Alicante/Alacant;03009;Alcoi/Alcoy;B1;NIVEL INTERMEDIO;1;Italiano;1;17;6;0;23
2024;03017825;03;Alicante/Alacant;03009;Alcoi/Alcoy;B1;NIVEL INTERMEDIO;2;Alemán;1;4;3;0;7
2024;03017825;03;Alicante/Alacant;03009;Alcoi/Alcoy;B1;NIVEL INTERMEDIO;2;Francés;1;6;6;0;12
2024;03017825;03;Alicante/Alacant;03009;Alcoi/Alcoy;B1;NIVEL INTERMEDIO;2;Inglés;4;43;41;0;84
2024;03017825;03;Alicante/Alacant;03009;Alcoi/Alcoy;B2;NIVEL INTERMEDIO;1;Francés;1;8;1;0;9
2024;03017825;03;Alicante/Alacant;03009;Alcoi/Alcoy;B2;NIVEL INTERMEDIO;1;Inglés;5;66;31;0;97
2024;03017825;03;Alicante/Alacant;03009;Alcoi/Alcoy;B2;NIVEL INTERMEDIO;1;Valenciano;2;25;9;0;34
2024;03017825;03;Alicante/Alacant;03009;Alcoi/Alcoy;B2;NIVEL INTERMEDIO;2;Francés;1;7;2;0;9
2024;03017825;03;Alicante/Alacant;03009;Alcoi/Alcoy;B2;NIVEL INTERMEDIO;2;Inglés;4;53;44;0;97
2024;03017825;03;Alicante/Alacant;03009;Alcoi/Alcoy;C1;NIVEL AVANZADO;1;Inglés;3;36;25;0;61
2024;03017825;03;Alicante/Alacant;03009;Alcoi/Alcoy;C1;NIVEL AVANZADO;1;Valenciano;2;24;10;0;34
2024;03017825;03;Alicante/Alacant;03009;Alcoi/Alcoy;C1;NIVEL AVANZADO;2;Francés;1;14;5;0;19
2024;03017825;03;Alicante/Alacant;03009;Alcoi/Alcoy;C1;NIVEL AVANZADO;2;Inglés;2;31;10;0;41
2024;03017825;03;Alicante/Alacant;03009;Alcoi/Alcoy;C2;NIVEL AVANZADO;1;Inglés;1;18;7;0;25
2024;03017825;03;Alicante/Alacant;03009;Alcoi/Alcoy;C2;NIVEL AVANZADO;1;Valenciano;2;26;9;0;35
2024;03017825;03;Alicante/Alacant;03009;Alcoi/Alcoy;C2;NIVEL AVANZADO;2;Valenciano;1;19;5;0;24
2024;03017825;03;Alicante/Alacant;03009;Alcoi/Alcoy;Complementario Tipo A;SIN DEFINIR;A;Inglés;3;15;12;0;27
2024;03017825;03;Alicante/Alacant;03009;Alcoi/Alcoy;Complementario Tipo B;SIN DEFINIR;B;Francés;1;4;2;0;6
2024;03018283;03;Alicante/Alacant;03063;Dénia;A2;NIVEL BÁSICO;1;Alemán;3;31;17;0;48
2024;03018283;03;Alicante/Alacant;03063;Dénia;A2;NIVEL BÁSICO;1;Español Como Lengua Extranjera;2;43;25;0;68
2024;03018283;03;Alicante/Alacant;03063;Dénia;A2;NIVEL BÁSICO;1;Francés;3;34;24;0;58
2024;03018283;03;Alicante/Alacant;03063;Dénia;A2;NIVEL BÁSICO;1;Inglés;4;100;39;0;139
2024;03018283;03;Alicante/Alacant;03063;Dénia;A2;NIVEL BÁSICO;2;Alemán;2;16;8;0;24
2024;03018283;03;Alicante/Alacant;03063;Dénia;A2;NIVEL BÁSICO;2;Español Como Lengua Extranjera;1;26;10;0;36
2024;03018283;03;Alicante/Alacant;03063;Dénia;A2;NIVEL BÁSICO;2;Francés;1;18;7;0;25
2024;03018283;03;Alicante/Alacant;03063;Dénia;A2;NIVEL BÁSICO;2;Inglés;4;63;25;0;88
2024;03018283;03;Alicante/Alacant;03063;Dénia;B1;NIVEL INTERMEDIO;1;Alemán;1;7;4;0;11
2024;03018283;03;Alicante/Alacant;03063;Dénia;B1;NIVEL INTERMEDIO;1;Español Como Lengua Extranjera;1;25;6;0;31
2024;03018283;03;Alicante/Alacant;03063;Dénia;B1;NIVEL INTERMEDIO;1;Francés;1;21;6;0;27
2024;03018283;03;Alicante/Alacant;03063;Dénia;B1;NIVEL INTERMEDIO;1;Inglés;4;68;38;0;106
2024;03018283;03;Alicante/Alacant;03063;Dénia;B1;NIVEL INTERMEDIO;2;Alemán;1;4;3;0;7
2024;03018283;03;Alicante/Alacant;03063;Dénia;B1;NIVEL INTERMEDIO;2;Francés;1;6;6;0;12
2024;03018283;03;Alicante/Alacant;03063;Dénia;B1;NIVEL INTERMEDIO;2;Inglés;4;67;32;0;99
2024;03018283;03;Alicante/Alacant;03063;Dénia;B2;NIVEL INTERMEDIO;1;Alemán;1;5;2;0;7
2024;03018283;03;Alicante/Alacant;03063;Dénia;B2;NIVEL INTERMEDIO;1;Inglés;4;60;35;0;95
2024;03018283;03;Alicante/Alacant;03063;Dénia;B2;NIVEL INTERMEDIO;1;Valenciano;1;12;3;0;15
2024;03018283;03;Alicante/Alacant;03063;Dénia;B2;NIVEL INTERMEDIO;2;Alemán;1;4;0;0;4
2024;03018283;03;Alicante/Alacant;03063;Dénia;B2;NIVEL INTERMEDIO;2;Inglés;3;53;26;0;79
2024;03018283;03;Alicante/Alacant;03063;Dénia;C1;NIVEL AVANZADO;1;Inglés;2;25;10;0;35
2024;03018283;03;Alicante/Alacant;03063;Dénia;C1;NIVEL AVANZADO;1;Valenciano;2;11;10;0;21
2024;03018283;03;Alicante/Alacant;03063;Dénia;C1;NIVEL AVANZADO;2;Inglés;2;24;10;0;34
2024;03018283;03;Alicante/Alacant;03063;Dénia;C2;NIVEL AVANZADO;1;Valenciano;1;8;3;0;11
2024;03018283;03;Alicante/Alacant;03063;Dénia;C2;NIVEL AVANZADO;2;Valenciano;1;4;3;0;7
2024;03018283;03;Alicante/Alacant;03063;Dénia;Complementario Tipo A;SIN DEFINIR;A;Inglés;1;4;3;0;7
2024;03018283;03;Alicante/Alacant;03063;Dénia;Complementario Tipo B;SIN DEFINIR;B;Francés;1;8;3;0;11
2024;03018283;03;Alicante/Alacant;03063;Dénia;Complementario Tipo B;SIN DEFINIR;B;Inglés;1;0;1;0;1
2024;03018295;03;Alicante/Alacant;03066;Elda;A2;NIVEL BÁSICO;1;Alemán;2;13;6;0;19
2024;03018295;03;Alicante/Alacant;03066;Elda;A2;NIVEL BÁSICO;1;Francés;1;13;11;0;24
2024;03018295;03;Alicante/Alacant;03066;Elda;A2;NIVEL BÁSICO;1;Inglés;5;100;48;0;148
2024;03018295;03;Alicante/Alacant;03066;Elda;A2;NIVEL BÁSICO;1;Italiano;1;21;8;0;29
2024;03018295;03;Alicante/Alacant;03066;Elda;A2;NIVEL BÁSICO;1;Valenciano;2;12;4;0;16
2024;03018295;03;Alicante/Alacant;03066;Elda;A2;NIVEL BÁSICO;2;Alemán;1;9;4;0;13
2024;03018295;03;Alicante/Alacant;03066;Elda;A2;NIVEL BÁSICO;2;Francés;1;12;6;0;18
2024;03018295;03;Alicante/Alacant;03066;Elda;A2;NIVEL BÁSICO;2;Inglés;5;74;37;0;111
2024;03018295;03;Alicante/Alacant;03066;Elda;A2;NIVEL BÁSICO;2;Italiano;1;14;1;0;15
2024;03018295;03;Alicante/Alacant;03066;Elda;B1;NIVEL INTERMEDIO;1;Alemán;1;3;1;0;4
2024;03018295;03;Alicante/Alacant;03066;Elda;B1;NIVEL INTERMEDIO;1;Francés;1;13;4;0;17
2024;03018295;03;Alicante/Alacant;03066;Elda;B1;NIVEL INTERMEDIO;1;Inglés;9;121;82;0;203
2024;03018295;03;Alicante/Alacant;03066;Elda;B1;NIVEL INTERMEDIO;1;Italiano;1;8;2;0;10
2024;03018295;03;Alicante/Alacant;03066;Elda;B1;NIVEL INTERMEDIO;1;Valenciano;1;9;4;0;13
2024;03018295;03;Alicante/Alacant;03066;Elda;B1;NIVEL INTERMEDIO;2;Alemán;1;5;2;0;7
2024;03018295;03;Alicante/Alacant;03066;Elda;B1;NIVEL INTERMEDIO;2;Francés;1;7;1;0;8
2024;03018295;03;Alicante/Alacant;03066;Elda;B1;NIVEL INTERMEDIO;2;Inglés;7;107;61;0;168
2024;03018295;03;Alicante/Alacant;03066;Elda;B2;NIVEL INTERMEDIO;1;Alemán;1;3;4;0;7
2024;03018295;03;Alicante/Alacant;03066;Elda;B2;NIVEL INTERMEDIO;1;Francés;1;8;1;0;9
2024;03018295;03;Alicante/Alacant;03066;Elda;B2;NIVEL INTERMEDIO;1;Inglés;8;100;54;0;154
2024;03018295;03;Alicante/Alacant;03066;Elda;B2;NIVEL INTERMEDIO;1;Italiano;1;4;1;0;5
2024;03018295;03;Alicante/Alacant;03066;Elda;B2;NIVEL INTERMEDIO;1;Valenciano;3;32;26;0;58
2024;03018295;03;Alicante/Alacant;03066;Elda;B2;NIVEL INTERMEDIO;2;Alemán;1;5;2;0;7
2024;03018295;03;Alicante/Alacant;03066;Elda;B2;NIVEL INTERMEDIO;2;Francés;1;4;0;0;4
2024;03018295;03;Alicante/Alacant;03066;Elda;B2;NIVEL INTERMEDIO;2;Inglés;7;98;48;0;146
2024;03018295;03;Alicante/Alacant;03066;Elda;B2;NIVEL INTERMEDIO;2;Italiano;1;6;3;0;9
2024;03018295;03;Alicante/Alacant;03066;Elda;C1;NIVEL AVANZADO;1;Francés;1;1;1;0;2
2024;03018295;03;Alicante/Alacant;03066;Elda;C1;NIVEL AVANZADO;1;Inglés;7;75;50;0;125
2024;03018295;03;Alicante/Alacant;03066;Elda;C1;NIVEL AVANZADO;1;Valenciano;2;18;7;0;25
2024;03018295;03;Alicante/Alacant;03066;Elda;C1;NIVEL AVANZADO;2;Francés;1;10;4;0;14
2024;03018295;03;Alicante/Alacant;03066;Elda;C1;NIVEL AVANZADO;2;Inglés;4;48;20;0;68
2024;03018295;03;Alicante/Alacant;03066;Elda;Complementario Tipo A;SIN DEFINIR;A;Inglés;3;9;4;0;13
2024;03018295;03;Alicante/Alacant;03066;Elda;Complementario Tipo B;SIN DEFINIR;B;Inglés;1;7;3;0;10
2024;03018301;03;Alicante/Alacant;03099;Orihuela;A2;NIVEL BÁSICO;1;Alemán;2;22;17;0;39
2024;03018301;03;Alicante/Alacant;03099;Orihuela;A2;NIVEL BÁSICO;1;Francés;1;21;6;0;27
2024;03018301;03;Alicante/Alacant;03099;Orihuela;A2;NIVEL BÁSICO;1;Inglés;5;95;39;0;134
2024;03018301;03;Alicante/Alacant;03099;Orihuela;A2;NIVEL BÁSICO;1;Valenciano;2;38;19;0;57
2024;03018301;03;Alicante/Alacant;03099;Orihuela;A2;NIVEL BÁSICO;2;Alemán;1;3;4;0;7
2024;03018301;03;Alicante/Alacant;03099;Orihuela;A2;NIVEL BÁSICO;2;Francés;1;5;5;0;10
2024;03018301;03;Alicante/Alacant;03099;Orihuela;A2;NIVEL BÁSICO;2;Inglés;5;59;37;0;96
2024;03018301;03;Alicante/Alacant;03099;Orihuela;B1;NIVEL INTERMEDIO;1;Alemán;1;2;3;0;5
2024;03018301;03;Alicante/Alacant;03099;Orihuela;B1;NIVEL INTERMEDIO;1;Francés;1;13;6;0;19
2024;03018301;03;Alicante/Alacant;03099;Orihuela;B1;NIVEL INTERMEDIO;1;Inglés;6;87;39;0;126
2024;03018301;03;Alicante/Alacant;03099;Orihuela;B1;NIVEL INTERMEDIO;1;Valenciano;1;20;5;0;25
2024;03018301;03;Alicante/Alacant;03099;Orihuela;B1;NIVEL INTERMEDIO;2;Alemán;1;1;0;0;1
2024;03018301;03;Alicante/Alacant;03099;Orihuela;B1;NIVEL INTERMEDIO;2;Francés;1;8;1;0;9
2024;03018301;03;Alicante/Alacant;03099;Orihuela;B1;NIVEL INTERMEDIO;2;Inglés;5;60;36;0;96
2024;03018301;03;Alicante/Alacant;03099;Orihuela;B2;NIVEL INTERMEDIO;1;Alemán;1;3;3;0;6
2024;03018301;03;Alicante/Alacant;03099;Orihuela;B2;NIVEL INTERMEDIO;1;Francés;1;4;4;0;8
2024;03018301;03;Alicante/Alacant;03099;Orihuela;B2;NIVEL INTERMEDIO;1;Inglés;5;55;29;0;84
2024;03018301;03;Alicante/Alacant;03099;Orihuela;B2;NIVEL INTERMEDIO;1;Valenciano;3;57;20;0;77
2024;03018301;03;Alicante/Alacant;03099;Orihuela;B2;NIVEL INTERMEDIO;2;Alemán;1;1;0;0;1
2024;03018301;03;Alicante/Alacant;03099;Orihuela;B2;NIVEL INTERMEDIO;2;Francés;1;1;0;0;1
2024;03018301;03;Alicante/Alacant;03099;Orihuela;B2;NIVEL INTERMEDIO;2;Inglés;7;71;27;0;98
2024;03018301;03;Alicante/Alacant;03099;Orihuela;C1;NIVEL AVANZADO;1;Francés;1;5;1;0;6
2024;03018301;03;Alicante/Alacant;03099;Orihuela;C1;NIVEL AVANZADO;1;Inglés;3;53;21;0;74
2024;03018301;03;Alicante/Alacant;03099;Orihuela;C1;NIVEL AVANZADO;1;Valenciano;3;45;10;0;55
2024;03018301;03;Alicante/Alacant;03099;Orihuela;C1;NIVEL AVANZADO;2;Francés;1;3;1;0;4
2024;03018301;03;Alicante/Alacant;03099;Orihuela;C1;NIVEL AVANZADO;2;Inglés;1;15;8;0;23
2024;03018301;03;Alicante/Alacant;03099;Orihuela;C2;NIVEL AVANZADO;1;Valenciano;1;5;6;0;11
2024;03018301;03;Alicante/Alacant;03099;Orihuela;C2;NIVEL AVANZADO;2;Valenciano;1;3;4;0;7
2024;03018301;03;Alicante/Alacant;03099;Orihuela;Complementario Tipo A;SIN DEFINIR;A;Inglés;2;9;7;0;16
2024;03018301;03;Alicante/Alacant;03099;Orihuela;Complementario Tipo B;SIN DEFINIR;B;Valenciano;1;6;0;0;6
2024;03018313;03;Alicante/Alacant;03122;Sant Vicent del Raspeig/San Vicente del Raspeig;A2;NIVEL BÁSICO;1;Alemán;2;11;7;0;18
2024;03018313;03;Alicante/Alacant;03122;Sant Vicent del Raspeig/San Vicente del Raspeig;A2;NIVEL BÁSICO;1;Francés;2;28;14;0;42
2024;03018313;03;Alicante/Alacant;03122;Sant Vicent del Raspeig/San Vicente del Raspeig;A2;NIVEL BÁSICO;1;Inglés;5;67;39;0;106
2024;03018313;03;Alicante/Alacant;03122;Sant Vicent del Raspeig/San Vicente del Raspeig;A2;NIVEL BÁSICO;1;Valenciano;2;9;3;0;12
2024;03018313;03;Alicante/Alacant;03122;Sant Vicent del Raspeig/San Vicente del Raspeig;A2;NIVEL BÁSICO;2;Alemán;1;4;4;0;8
2024;03018313;03;Alicante/Alacant;03122;Sant Vicent del Raspeig/San Vicente del Raspeig;A2;NIVEL BÁSICO;2;Francés;1;18;11;0;29
2024;03018313;03;Alicante/Alacant;03122;Sant Vicent del Raspeig/San Vicente del Raspeig;A2;NIVEL BÁSICO;2;Inglés;5;82;36;0;118
2024;03018313;03;Alicante/Alacant;03122;Sant Vicent del Raspeig/San Vicente del Raspeig;B1;NIVEL INTERMEDIO;1;Alemán;1;5;4;0;9
2024;03018313;03;Alicante/Alacant;03122;Sant Vicent del Raspeig/San Vicente del Raspeig;B1;NIVEL INTERMEDIO;1;Francés;1;14;4;0;18
2024;03018313;03;Alicante/Alacant;03122;Sant Vicent del Raspeig/San Vicente del Raspeig;B1;NIVEL INTERMEDIO;1;Inglés;8;127;78;0;205
2024;03018313;03;Alicante/Alacant;03122;Sant Vicent del Raspeig/San Vicente del Raspeig;B1;NIVEL INTERMEDIO;1;Valenciano;1;6;4;0;10
2024;03018313;03;Alicante/Alacant;03122;Sant Vicent del Raspeig/San Vicente del Raspeig;B1;NIVEL INTERMEDIO;2;Alemán;1;3;2;0;5
2024;03018313;03;Alicante/Alacant;03122;Sant Vicent del Raspeig/San Vicente del Raspeig;B1;NIVEL INTERMEDIO;2;Francés;1;11;2;0;13
2024;03018313;03;Alicante/Alacant;03122;Sant Vicent del Raspeig/San Vicente del Raspeig;B1;NIVEL INTERMEDIO;2;Inglés;6;79;41;0;120
2024;03018313;03;Alicante/Alacant;03122;Sant Vicent del Raspeig/San Vicente del Raspeig;B2;NIVEL INTERMEDIO;1;Francés;1;9;2;0;11
2024;03018313;03;Alicante/Alacant;03122;Sant Vicent del Raspeig/San Vicente del Raspeig;B2;NIVEL INTERMEDIO;1;Inglés;4;67;40;0;107
2024;03018313;03;Alicante/Alacant;03122;Sant Vicent del Raspeig/San Vicente del Raspeig;B2;NIVEL INTERMEDIO;1;Valenciano;2;18;6;0;24
2024;03018313;03;Alicante/Alacant;03122;Sant Vicent del Raspeig/San Vicente del Raspeig;B2;NIVEL INTERMEDIO;2;Francés;1;3;2;0;5
2024;03018313;03;Alicante/Alacant;03122;Sant Vicent del Raspeig/San Vicente del Raspeig;B2;NIVEL INTERMEDIO;2;Inglés;5;54;36;0;90
2024;03018313;03;Alicante/Alacant;03122;Sant Vicent del Raspeig/San Vicente del Raspeig;C1;NIVEL AVANZADO;1;Inglés;4;52;26;0;78
2024;03018313;03;Alicante/Alacant;03122;Sant Vicent del Raspeig/San Vicente del Raspeig;C1;NIVEL AVANZADO;1;Valenciano;1;23;8;0;31
2024;03018313;03;Alicante/Alacant;03122;Sant Vicent del Raspeig/San Vicente del Raspeig;C1;NIVEL AVANZADO;2;Inglés;3;30;19;0;49
2024;03018313;03;Alicante/Alacant;03122;Sant Vicent del Raspeig/San Vicente del Raspeig;C2;NIVEL AVANZADO;1;Inglés;1;9;4;0;13
2024;03018313;03;Alicante/Alacant;03122;Sant Vicent del Raspeig/San Vicente del Raspeig;C2;NIVEL AVANZADO;1;Valenciano;1;12;6;0;18
2024;03018313;03;Alicante/Alacant;03122;Sant Vicent del Raspeig/San Vicente del Raspeig;C2;NIVEL AVANZADO;2;Inglés;1;5;2;0;7
2024;03018313;03;Alicante/Alacant;03122;Sant Vicent del Raspeig/San Vicente del Raspeig;C2;NIVEL AVANZADO;2;Valenciano;1;8;3;0;11
2024;03018313;03;Alicante/Alacant;03122;Sant Vicent del Raspeig/San Vicente del Raspeig;Complementario Tipo A;SIN DEFINIR;A;Inglés;2;12;7;0;19
2024;03018313;03;Alicante/Alacant;03122;Sant Vicent del Raspeig/San Vicente del Raspeig;Complementario Tipo B;SIN DEFINIR;B;Inglés;3;12;6;0;18
2024;12004311;12;Castellón/Castelló;12040;Castelló de la Plana;A2;NIVEL BÁSICO;1;Alemán;8;68;41;0;109
2024;12004311;12;Castellón/Castelló;12040;Castelló de la Plana;A2;NIVEL BÁSICO;1;Chino;3;16;9;0;25
2024;12004311;12;Castellón/Castelló;12040;Castelló de la Plana;A2;NIVEL BÁSICO;1;Español Como Lengua Extranjera;1;23;12;0;35
2024;12004311;12;Castellón/Castelló;12040;Castelló de la Plana;A2;NIVEL BÁSICO;1;Francés;10;149;75;0;224
2024;12004311;12;Castellón/Castelló;12040;Castelló de la Plana;A2;NIVEL BÁSICO;1;Inglés;15;194;100;0;294
2024;12004311;12;Castellón/Castelló;12040;Castelló de la Plana;A2;NIVEL BÁSICO;1;Italiano;7;119;64;0;183
2024;12004311;12;Castellón/Castelló;12040;Castelló de la Plana;A2;NIVEL BÁSICO;1;Portugués;1;9;13;0;22
2024;12004311;12;Castellón/Castelló;12040;Castelló de la Plana;A2;NIVEL BÁSICO;1;Ruso;3;6;9;0;15
2024;12004311;12;Castellón/Castelló;12040;Castelló de la Plana;A2;NIVEL BÁSICO;1;Valenciano;3;33;17;0;50
2024;12004311;12;Castellón/Castelló;12040;Castelló de la Plana;A2;NIVEL BÁSICO;1;Árabe;2;21;12;0;33
2024;12004311;12;Castellón/Castelló;12040;Castelló de la Plana;A2;NIVEL BÁSICO;2;Alemán;7;34;10;0;44
2024;12004311;12;Castellón/Castelló;12040;Castelló de la Plana;A2;NIVEL BÁSICO;2;Chino;2;10;1;0;11
2024;12004311;12;Castellón/Castelló;12040;Castelló de la Plana;A2;NIVEL BÁSICO;2;Español Como Lengua Extranjera;2;55;14;0;69
2024;12004311;12;Castellón/Castelló;12040;Castelló de la Plana;A2;NIVEL BÁSICO;2;Francés;6;48;25;0;73
2024;12004311;12;Castellón/Castelló;12040;Castelló de la Plana;A2;NIVEL BÁSICO;2;Inglés;12;156;82;0;238
2024;12004311;12;Castellón/Castelló;12040;Castelló de la Plana;A2;NIVEL BÁSICO;2;Italiano;3;31;25;0;56
2024;12004311;12;Castellón/Castelló;12040;Castelló de la Plana;A2;NIVEL BÁSICO;2;Portugués;1;6;1;0;7
2024;12004311;12;Castellón/Castelló;12040;Castelló de la Plana;A2;NIVEL BÁSICO;2;Rumano;1;0;2;0;2
2024;12004311;12;Castellón/Castelló;12040;Castelló de la Plana;A2;NIVEL BÁSICO;2;Ruso;1;2;1;0;3
2024;12004311;12;Castellón/Castelló;12040;Castelló de la Plana;A2;NIVEL BÁSICO;2;Árabe;1;2;6;0;8
2024;12004311;12;Castellón/Castelló;12040;Castelló de la Plana;A2;NIVEL BÁSICO;3;Chino;1;6;4;0;10
2024;12004311;12;Castellón/Castelló;12040;Castelló de la Plana;A2;NIVEL BÁSICO;3;Árabe;1;6;2;0;8
2024;12004311;12;Castellón/Castelló;12040;Castelló de la Plana;B1;NIVEL INTERMEDIO;1;Alemán;4;21;22;0;43
2024;12004311;12;Castellón/Castelló;12040;Castelló de la Plana;B1;NIVEL INTERMEDIO;1;Chino;1;2;2;0;4
2024;12004311;12;Castellón/Castelló;12040;Castelló de la Plana;B1;NIVEL INTERMEDIO;1;Español Como Lengua Extranjera;1;22;8;0;30
2024;12004311;12;Castellón/Castelló;12040;Castelló de la Plana;B1;NIVEL INTERMEDIO;1;Francés;5;55;21;0;76
2024;12004311;12;Castellón/Castelló;12040;Castelló de la Plana;B1;NIVEL INTERMEDIO;1;Inglés;17;215;135;0;350
2024;12004311;12;Castellón/Castelló;12040;Castelló de la Plana;B1;NIVEL INTERMEDIO;1;Italiano;3;34;7;0;41
2024;12004311;12;Castellón/Castelló;12040;Castelló de la Plana;B1;NIVEL INTERMEDIO;1;Portugués;1;6;5;0;11
2024;12004311;12;Castellón/Castelló;12040;Castelló de la Plana;B1;NIVEL INTERMEDIO;1;Rumano;1;1;0;0;1
2024;12004311;12;Castellón/Castelló;12040;Castelló de la Plana;B1;NIVEL INTERMEDIO;1;Ruso;1;1;1;0;2
2024;12004311;12;Castellón/Castelló;12040;Castelló de la Plana;B1;NIVEL INTERMEDIO;1;Valenciano;2;21;6;0;27
2024;12004311;12;Castellón/Castelló;12040;Castelló de la Plana;B1;NIVEL INTERMEDIO;2;Alemán;3;12;4;0;16
2024;12004311;12;Castellón/Castelló;12040;Castelló de la Plana;B1;NIVEL INTERMEDIO;2;Francés;4;33;12;0;45
2024;12004311;12;Castellón/Castelló;12040;Castelló de la Plana;B1;NIVEL INTERMEDIO;2;Inglés;13;156;111;0;267
2024;12004311;12;Castellón/Castelló;12040;Castelló de la Plana;B1;NIVEL INTERMEDIO;2;Ruso;1;2;3;0;5
2024;12004311;12;Castellón/Castelló;12040;Castelló de la Plana;B1;NIVEL INTERMEDIO;3;Chino;1;1;1;0;2
2024;12004311;12;Castellón/Castelló;12040;Castelló de la Plana;B2;NIVEL INTERMEDIO;1;Alemán;3;14;10;0;24
2024;12004311;12;Castellón/Castelló;12040;Castelló de la Plana;B2;NIVEL INTERMEDIO;1;Español Como Lengua Extranjera;1;25;5;0;30
2024;12004311;12;Castellón/Castelló;12040;Castelló de la Plana;B2;NIVEL INTERMEDIO;1;Francés;3;25;14;0;39
2024;12004311;12;Castellón/Castelló;12040;Castelló de la Plana;B2;NIVEL INTERMEDIO;1;Inglés;14;159;94;0;253
2024;12004311;12;Castellón/Castelló;12040;Castelló de la Plana;B2;NIVEL INTERMEDIO;1;Italiano;3;26;16;0;42
2024;12004311;12;Castellón/Castelló;12040;Castelló de la Plana;B2;NIVEL INTERMEDIO;1;Portugués;1;4;1;0;5
2024;12004311;12;Castellón/Castelló;12040;Castelló de la Plana;B2;NIVEL INTERMEDIO;1;Rumano;1;2;1;0;3
2024;12004311;12;Castellón/Castelló;12040;Castelló de la Plana;B2;NIVEL INTERMEDIO;1;Ruso;1;1;2;0;3
2024;12004311;12;Castellón/Castelló;12040;Castelló de la Plana;B2;NIVEL INTERMEDIO;1;Valenciano;4;70;26;0;96
2024;12004311;12;Castellón/Castelló;12040;Castelló de la Plana;B2;NIVEL INTERMEDIO;2;Alemán;3;7;6;0;13
2024;12004311;12;Castellón/Castelló;12040;Castelló de la Plana;B2;NIVEL INTERMEDIO;2;Francés;2;9;5;0;14
2024;12004311;12;Castellón/Castelló;12040;Castelló de la Plana;B2;NIVEL INTERMEDIO;2;Inglés;14;170;80;0;250
2024;12004311;12;Castellón/Castelló;12040;Castelló de la Plana;B2;NIVEL INTERMEDIO;2;Italiano;3;9;8;0;17
2024;12004311;12;Castellón/Castelló;12040;Castelló de la Plana;B2;NIVEL INTERMEDIO;2;Portugués;1;2;2;0;4
2024;12004311;12;Castellón/Castelló;12040;Castelló de la Plana;B2;NIVEL INTERMEDIO;2;Rumano;1;0;7;0;7
2024;12004311;12;Castellón/Castelló;12040;Castelló de la Plana;B2;NIVEL INTERMEDIO;2;Ruso;1;1;1;0;2
2024;12004311;12;Castellón/Castelló;12040;Castelló de la Plana;C1;NIVEL AVANZADO;1;Alemán;1;8;1;0;9
2024;12004311;12;Castellón/Castelló;12040;Castelló de la Plana;C1;NIVEL AVANZADO;1;Español Como Lengua Extranjera;1;18;3;0;21
2024;12004311;12;Castellón/Castelló;12040;Castelló de la Plana;C1;NIVEL AVANZADO;1;Francés;2;14;8;0;22
2024;12004311;12;Castellón/Castelló;12040;Castelló de la Plana;C1;NIVEL AVANZADO;1;Inglés;11;146;52;0;198
2024;12004311;12;Castellón/Castelló;12040;Castelló de la Plana;C1;NIVEL AVANZADO;1;Italiano;2;12;10;0;22
2024;12004311;12;Castellón/Castelló;12040;Castelló de la Plana;C1;NIVEL AVANZADO;1;Valenciano;6;103;48;0;151
2024;12004311;12;Castellón/Castelló;12040;Castelló de la Plana;C1;NIVEL AVANZADO;2;Alemán;1;3;1;0;4
2024;12004311;12;Castellón/Castelló;12040;Castelló de la Plana;C1;NIVEL AVANZADO;2;Francés;1;4;2;0;6
2024;12004311;12;Castellón/Castelló;12040;Castelló de la Plana;C1;NIVEL AVANZADO;2;Inglés;9;112;53;0;165
2024;12004311;12;Castellón/Castelló;12040;Castelló de la Plana;C2;NIVEL AVANZADO;1;Alemán;1;0;1;0;1
2024;12004311;12;Castellón/Castelló;12040;Castelló de la Plana;C2;NIVEL AVANZADO;1;Francés;2;12;2;0;14
2024;12004311;12;Castellón/Castelló;12040;Castelló de la Plana;C2;NIVEL AVANZADO;1;Inglés;4;57;23;0;80
2024;12004311;12;Castellón/Castelló;12040;Castelló de la Plana;C2;NIVEL AVANZADO;1;Italiano;2;8;8;0;16
2024;12004311;12;Castellón/Castelló;12040;Castelló de la Plana;C2;NIVEL AVANZADO;1;Valenciano;3;84;20;0;104
2024;12004311;12;Castellón/Castelló;12040;Castelló de la Plana;C2;NIVEL AVANZADO;2;Alemán;1;0;2;0;2
2024;12004311;12;Castellón/Castelló;12040;Castelló de la Plana;C2;NIVEL AVANZADO;2;Francés;2;8;4;0;12
2024;12004311;12;Castellón/Castelló;12040;Castelló de la Plana;C2;NIVEL AVANZADO;2;Inglés;3;26;16;0;42
2024;12004311;12;Castellón/Castelló;12040;Castelló de la Plana;C2;NIVEL AVANZADO;2;Italiano;2;10;8;0;18
2024;12004311;12;Castellón/Castelló;12040;Castelló de la Plana;C2;NIVEL AVANZADO;2;Valenciano;5;85;23;0;108
2024;12004311;12;Castellón/Castelló;12040;Castelló de la Plana;Complementario Tipo A;SIN DEFINIR;A;Alemán;5;17;7;0;24
2024;12004311;12;Castellón/Castelló;12040;Castelló de la Plana;Complementario Tipo A;SIN DEFINIR;A;Chino;1;1;0;0;1
2024;12004311;12;Castellón/Castelló;12040;Castelló de la Plana;Complementario Tipo A;SIN DEFINIR;A;Francés;5;20;14;0;34
2024;12004311;12;Castellón/Castelló;12040;Castelló de la Plana;Complementario Tipo A;SIN DEFINIR;A;Inglés;15;103;60;0;163
2024;12004311;12;Castellón/Castelló;12040;Castelló de la Plana;Complementario Tipo A;SIN DEFINIR;A;Italiano;2;13;13;0;26
2024;12004311;12;Castellón/Castelló;12040;Castelló de la Plana;Complementario Tipo A;SIN DEFINIR;A;Ruso;1;3;1;0;4
2024;12004311;12;Castellón/Castelló;12040;Castelló de la Plana;Complementario Tipo A;SIN DEFINIR;A;Valenciano;2;9;9;0;18
2024;12004311;12;Castellón/Castelló;12040;Castelló de la Plana;Complementario Tipo B;SIN DEFINIR;B;Francés;2;3;1;0;4
2024;12004311;12;Castellón/Castelló;12040;Castelló de la Plana;Complementario Tipo B;SIN DEFINIR;B;Inglés;10;78;22;0;100
2024;12004311;12;Castellón/Castelló;12040;Castelló de la Plana;Complementario Tipo B;SIN DEFINIR;B;Italiano;2;4;5;0;9
2024;12004311;12;Castellón/Castelló;12040;Castelló de la Plana;Complementario Tipo B;SIN DEFINIR;B;Valenciano;4;13;2;0;15
2024;12007188;12;Castellón/Castelló;12135;Vila-real;A2;NIVEL BÁSICO;1;Alemán;2;20;17;0;37
2024;12007188;12;Castellón/Castelló;12135;Vila-real;A2;NIVEL BÁSICO;1;Francés;1;12;6;0;18
2024;12007188;12;Castellón/Castelló;12135;Vila-real;A2;NIVEL BÁSICO;1;Inglés;8;55;42;0;97
2024;12007188;12;Castellón/Castelló;12135;Vila-real;A2;NIVEL BÁSICO;1;Italiano;1;11;9;0;20
2024;12007188;12;Castellón/Castelló;12135;Vila-real;A2;NIVEL BÁSICO;1;Valenciano;1;8;4;0;12
2024;12007188;12;Castellón/Castelló;12135;Vila-real;A2;NIVEL BÁSICO;2;Alemán;2;4;2;0;6
2024;12007188;12;Castellón/Castelló;12135;Vila-real;A2;NIVEL BÁSICO;2;Francés;1;6;3;0;9
2024;12007188;12;Castellón/Castelló;12135;Vila-real;A2;NIVEL BÁSICO;2;Inglés;7;42;17;0;59
2024;12007188;12;Castellón/Castelló;12135;Vila-real;A2;NIVEL BÁSICO;2;Italiano;1;7;3;0;10
2024;12007188;12;Castellón/Castelló;12135;Vila-real;B1;NIVEL INTERMEDIO;1;Alemán;1;3;4;0;7
2024;12007188;12;Castellón/Castelló;12135;Vila-real;B1;NIVEL INTERMEDIO;1;Francés;1;13;3;0;16
2024;12007188;12;Castellón/Castelló;12135;Vila-real;B1;NIVEL INTERMEDIO;1;Inglés;10;110;63;0;173
2024;12007188;12;Castellón/Castelló;12135;Vila-real;B1;NIVEL INTERMEDIO;1;Italiano;1;5;2;0;7
2024;12007188;12;Castellón/Castelló;12135;Vila-real;B1;NIVEL INTERMEDIO;2;Alemán;1;0;2;0;2
2024;12007188;12;Castellón/Castelló;12135;Vila-real;B1;NIVEL INTERMEDIO;2;Francés;1;7;4;0;11
2024;12007188;12;Castellón/Castelló;12135;Vila-real;B1;NIVEL INTERMEDIO;2;Inglés;8;50;46;0;96
2024;12007188;12;Castellón/Castelló;12135;Vila-real;B2;NIVEL INTERMEDIO;1;Alemán;1;4;0;0;4
2024;12007188;12;Castellón/Castelló;12135;Vila-real;B2;NIVEL INTERMEDIO;1;Francés;1;6;2;0;8
2024;12007188;12;Castellón/Castelló;12135;Vila-real;B2;NIVEL INTERMEDIO;1;Inglés;8;63;43;0;106
2024;12007188;12;Castellón/Castelló;12135;Vila-real;B2;NIVEL INTERMEDIO;1;Italiano;1;3;3;0;6
2024;12007188;12;Castellón/Castelló;12135;Vila-real;B2;NIVEL INTERMEDIO;1;Valenciano;1;16;7;0;23
2024;12007188;12;Castellón/Castelló;12135;Vila-real;B2;NIVEL INTERMEDIO;2;Alemán;1;2;2;0;4
2024;12007188;12;Castellón/Castelló;12135;Vila-real;B2;NIVEL INTERMEDIO;2;Francés;1;6;1;0;7
2024;12007188;12;Castellón/Castelló;12135;Vila-real;B2;NIVEL INTERMEDIO;2;Inglés;9;58;36;0;94
2024;12007188;12;Castellón/Castelló;12135;Vila-real;B2;NIVEL INTERMEDIO;2;Italiano;1;0;1;0;1
2024;12007188;12;Castellón/Castelló;12135;Vila-real;C1;NIVEL AVANZADO;1;Inglés;5;43;25;0;68
2024;12007188;12;Castellón/Castelló;12135;Vila-real;C1;NIVEL AVANZADO;1;Valenciano;1;18;6;0;24
2024;12007188;12;Castellón/Castelló;12135;Vila-real;C1;NIVEL AVANZADO;2;Inglés;5;33;19;0;52
2024;12007188;12;Castellón/Castelló;12135;Vila-real;C2;NIVEL AVANZADO;1;Inglés;1;4;6;0;10
2024;12007188;12;Castellón/Castelló;12135;Vila-real;C2;NIVEL AVANZADO;1;Valenciano;1;17;5;0;22
2024;12007188;12;Castellón/Castelló;12135;Vila-real;C2;NIVEL AVANZADO;2;Inglés;1;3;3;0;6
2024;12007188;12;Castellón/Castelló;12135;Vila-real;C2;NIVEL AVANZADO;2;Valenciano;1;13;4;0;17
2024;12007188;12;Castellón/Castelló;12135;Vila-real;Complementario Tipo A;SIN DEFINIR;A;Inglés;8;28;12;0;40
2024;12007279;12;Castellón/Castelló;12138;Vinaròs;A2;NIVEL BÁSICO;1;Alemán;1;6;7;0;13
2024;12007279;12;Castellón/Castelló;12138;Vinaròs;A2;NIVEL BÁSICO;1;Francés;1;13;10;0;23
2024;12007279;12;Castellón/Castelló;12138;Vinaròs;A2;NIVEL BÁSICO;1;Inglés;3;29;27;0;56
2024;12007279;12;Castellón/Castelló;12138;Vinaròs;A2;NIVEL BÁSICO;2;Alemán;1;5;4;0;9
2024;12007279;12;Castellón/Castelló;12138;Vinaròs;A2;NIVEL BÁSICO;2;Francés;1;10;1;0;11
2024;12007279;12;Castellón/Castelló;12138;Vinaròs;A2;NIVEL BÁSICO;2;Inglés;4;33;14;0;47
2024;12007279;12;Castellón/Castelló;12138;Vinaròs;B1;NIVEL INTERMEDIO;1;Alemán;1;3;4;0;7
2024;12007279;12;Castellón/Castelló;12138;Vinaròs;B1;NIVEL INTERMEDIO;1;Francés;1;5;2;0;7
2024;12007279;12;Castellón/Castelló;12138;Vinaròs;B1;NIVEL INTERMEDIO;1;Inglés;4;36;20;0;56
2024;12007279;12;Castellón/Castelló;12138;Vinaròs;B1;NIVEL INTERMEDIO;2;Alemán;1;2;0;0;2
2024;12007279;12;Castellón/Castelló;12138;Vinaròs;B1;NIVEL INTERMEDIO;2;Francés;1;3;4;0;7
2024;12007279;12;Castellón/Castelló;12138;Vinaròs;B1;NIVEL INTERMEDIO;2;Inglés;4;30;10;0;40
2024;12007279;12;Castellón/Castelló;12138;Vinaròs;B2;NIVEL INTERMEDIO;1;Alemán;1;1;1;0;2
2024;12007279;12;Castellón/Castelló;12138;Vinaròs;B2;NIVEL INTERMEDIO;1;Francés;1;4;0;0;4
2024;12007279;12;Castellón/Castelló;12138;Vinaròs;B2;NIVEL INTERMEDIO;1;Inglés;2;32;14;0;46
2024;12007279;12;Castellón/Castelló;12138;Vinaròs;B2;NIVEL INTERMEDIO;2;Alemán;1;0;1;0;1
2024;12007279;12;Castellón/Castelló;12138;Vinaròs;B2;NIVEL INTERMEDIO;2;Francés;1;3;1;0;4
2024;12007279;12;Castellón/Castelló;12138;Vinaròs;B2;NIVEL INTERMEDIO;2;Inglés;2;13;7;0;20
2024;12007279;12;Castellón/Castelló;12138;Vinaròs;C1;NIVEL AVANZADO;1;Inglés;2;25;18;0;43
2024;12007279;12;Castellón/Castelló;12138;Vinaròs;C1;NIVEL AVANZADO;2;Inglés;1;8;7;0;15
2024;12007279;12;Castellón/Castelló;12138;Vinaròs;C2;NIVEL AVANZADO;1;Inglés;1;4;2;0;6
2024;12007279;12;Castellón/Castelló;12138;Vinaròs;C2;NIVEL AVANZADO;2;Inglés;1;2;2;0;4
2024;12007279;12;Castellón/Castelló;12138;Vinaròs;Complementario Tipo B;SIN DEFINIR;B;Inglés;2;24;16;0;40
2024;46013220;46;Valencia/València;46250;València;A2;NIVEL BÁSICO;1;Alemán;13;148;143;0;291
2024;46013220;46;Valencia/València;46250;València;A2;NIVEL BÁSICO;1;Chino;3;52;33;0;85
2024;46013220;46;Valencia/València;46250;València;A2;NIVEL BÁSICO;1;Español Como Lengua Extranjera;5;115;62;0;177
2024;46013220;46;Valencia/València;46250;València;A2;NIVEL BÁSICO;1;Euskera;2;43;27;0;70
2024;46013220;46;Valencia/València;46250;València;A2;NIVEL BÁSICO;1;Francés;9;167;89;0;256
2024;46013220;46;Valencia/València;46250;València;A2;NIVEL BÁSICO;1;Griego;1;23;12;0;35
2024;46013220;46;Valencia/València;46250;València;A2;NIVEL BÁSICO;1;Inglés;10;226;121;0;347
2024;46013220;46;Valencia/València;46250;València;A2;NIVEL BÁSICO;1;Italiano;9;160;82;0;242
2024;46013220;46;Valencia/València;46250;València;A2;NIVEL BÁSICO;1;Japonés;3;47;56;0;103
2024;46013220;46;Valencia/València;46250;València;A2;NIVEL BÁSICO;1;Portugués;6;57;35;0;92
2024;46013220;46;Valencia/València;46250;València;A2;NIVEL BÁSICO;1;Ruso;5;34;49;0;83
2024;46013220;46;Valencia/València;46250;València;A2;NIVEL BÁSICO;1;Valenciano;4;101;37;0;138
2024;46013220;46;Valencia/València;46250;València;A2;NIVEL BÁSICO;1;Árabe;3;45;27;0;72
2024;46013220;46;Valencia/València;46250;València;A2;NIVEL BÁSICO;2;Alemán;7;63;51;0;114
2024;46013220;46;Valencia/València;46250;València;A2;NIVEL BÁSICO;2;Chino;2;16;14;0;30
2024;46013220;46;Valencia/València;46250;València;A2;NIVEL BÁSICO;2;Español Como Lengua Extranjera;6;151;59;0;210
2024;46013220;46;Valencia/València;46250;València;A2;NIVEL BÁSICO;2;Euskera;1;8;11;0;19
2024;46013220;46;Valencia/València;46250;València;A2;NIVEL BÁSICO;2;Finés;1;4;3;0;7
2024;46013220;46;Valencia/València;46250;València;A2;NIVEL BÁSICO;2;Francés;7;95;58;0;153
2024;46013220;46;Valencia/València;46250;València;A2;NIVEL BÁSICO;2;Griego;1;11;16;0;27
2024;46013220;46;Valencia/València;46250;València;A2;NIVEL BÁSICO;2;Inglés;8;153;86;0;239
2024;46013220;46;Valencia/València;46250;València;A2;NIVEL BÁSICO;2;Italiano;6;72;42;0;114
2024;46013220;46;Valencia/València;46250;València;A2;NIVEL BÁSICO;2;Japonés;2;22;28;0;50
2024;46013220;46;Valencia/València;46250;València;A2;NIVEL BÁSICO;2;Neerlandés;1;14;5;0;19
2024;46013220;46;Valencia/València;46250;València;A2;NIVEL BÁSICO;2;Polaco;1;8;7;0;15
2024;46013220;46;Valencia/València;46250;València;A2;NIVEL BÁSICO;2;Portugués;3;27;18;0;45
2024;46013220;46;Valencia/València;46250;València;A2;NIVEL BÁSICO;2;Ruso;2;19;16;0;35
2024;46013220;46;Valencia/València;46250;València;A2;NIVEL BÁSICO;2;Árabe;2;17;20;0;37
2024;46013220;46;Valencia/València;46250;València;A2;NIVEL BÁSICO;3;Chino;2;11;3;0;14
2024;46013220;46;Valencia/València;46250;València;A2;NIVEL BÁSICO;3;Japonés;2;13;14;0;27
2024;46013220;46;Valencia/València;46250;València;A2;NIVEL BÁSICO;3;Árabe;1;13;13;0;26
2024;46013220;46;Valencia/València;46250;València;B1;NIVEL INTERMEDIO;1;Alemán;4;36;24;0;60
2024;46013220;46;Valencia/València;46250;València;B1;NIVEL INTERMEDIO;1;Chino;1;7;5;0;12
2024;46013220;46;Valencia/València;46250;València;B1;NIVEL INTERMEDIO;1;Español Como Lengua Extranjera;4;83;38;0;121
2024;46013220;46;Valencia/València;46250;València;B1;NIVEL INTERMEDIO;1;Euskera;1;6;5;0;11
2024;46013220;46;Valencia/València;46250;València;B1;NIVEL INTERMEDIO;1;Finés;1;3;0;0;3
2024;46013220;46;Valencia/València;46250;València;B1;NIVEL INTERMEDIO;1;Francés;6;99;49;0;148
2024;46013220;46;Valencia/València;46250;València;B1;NIVEL INTERMEDIO;1;Griego;1;4;10;0;14
2024;46013220;46;Valencia/València;46250;València;B1;NIVEL INTERMEDIO;1;Inglés;14;250;169;0;419
2024;46013220;46;Valencia/València;46250;València;B1;NIVEL INTERMEDIO;1;Italiano;4;63;43;0;106
2024;46013220;46;Valencia/València;46250;València;B1;NIVEL INTERMEDIO;1;Japonés;1;9;8;0;17
2024;46013220;46;Valencia/València;46250;València;B1;NIVEL INTERMEDIO;1;Neerlandés;1;3;3;0;6
2024;46013220;46;Valencia/València;46250;València;B1;NIVEL INTERMEDIO;1;Polaco;1;2;4;0;6
2024;46013220;46;Valencia/València;46250;València;B1;NIVEL INTERMEDIO;1;Portugués;2;23;14;0;37
2024;46013220;46;Valencia/València;46250;València;B1;NIVEL INTERMEDIO;1;Ruso;2;6;12;0;18
2024;46013220;46;Valencia/València;46250;València;B1;NIVEL INTERMEDIO;1;Valenciano;3;56;18;0;74
2024;46013220;46;Valencia/València;46250;València;B1;NIVEL INTERMEDIO;1;Árabe;1;7;11;0;18
2024;46013220;46;Valencia/València;46250;València;B1;NIVEL INTERMEDIO;2;Alemán;2;28;21;0;49
2024;46013220;46;Valencia/València;46250;València;B1;NIVEL INTERMEDIO;2;Chino;1;5;3;0;8
2024;46013220;46;Valencia/València;46250;València;B1;NIVEL INTERMEDIO;2;Euskera;1;6;7;0;13
2024;46013220;46;Valencia/València;46250;València;B1;NIVEL INTERMEDIO;2;Finés;1;2;1;0;3
2024;46013220;46;Valencia/València;46250;València;B1;NIVEL INTERMEDIO;2;Francés;5;57;24;0;81
2024;46013220;46;Valencia/València;46250;València;B1;NIVEL INTERMEDIO;2;Griego;1;11;3;0;14
2024;46013220;46;Valencia/València;46250;València;B1;NIVEL INTERMEDIO;2;Inglés;15;230;145;0;375
2024;46013220;46;Valencia/València;46250;València;B1;NIVEL INTERMEDIO;2;Japonés;1;5;3;0;8
2024;46013220;46;Valencia/València;46250;València;B1;NIVEL INTERMEDIO;2;Neerlandés;1;2;1;0;3
2024;46013220;46;Valencia/València;46250;València;B1;NIVEL INTERMEDIO;2;Polaco;1;2;0;0;2
2024;46013220;46;Valencia/València;46250;València;B1;NIVEL INTERMEDIO;2;Ruso;1;2;10;0;12
2024;46013220;46;Valencia/València;46250;València;B1;NIVEL INTERMEDIO;2;Árabe;1;9;10;0;19
2024;46013220;46;Valencia/València;46250;València;B1;NIVEL INTERMEDIO;3;Chino;1;4;1;0;5
2024;46013220;46;Valencia/València;46250;València;B1;NIVEL INTERMEDIO;3;Japonés;1;6;3;0;9
2024;46013220;46;Valencia/València;46250;València;B2;NIVEL INTERMEDIO;1;Alemán;2;24;18;0;42
2024;46013220;46;Valencia/València;46250;València;B2;NIVEL INTERMEDIO;1;Chino;1;3;6;0;9
2024;46013220;46;Valencia/València;46250;València;B2;NIVEL INTERMEDIO;1;Español Como Lengua Extranjera;3;65;25;0;90
2024;46013220;46;Valencia/València;46250;València;B2;NIVEL INTERMEDIO;1;Finés;1;0;3;0;3
2024;46013220;46;Valencia/València;46250;València;B2;NIVEL INTERMEDIO;1;Francés;4;46;28;0;74
2024;46013220;46;Valencia/València;46250;València;B2;NIVEL INTERMEDIO;1;Griego;1;8;6;0;14
2024;46013220;46;Valencia/València;46250;València;B2;NIVEL INTERMEDIO;1;Inglés;13;234;145;0;379
2024;46013220;46;Valencia/València;46250;València;B2;NIVEL INTERMEDIO;1;Italiano;4;33;25;0;58
2024;46013220;46;Valencia/València;46250;València;B2;NIVEL INTERMEDIO;1;Japonés;1;6;2;0;8
2024;46013220;46;Valencia/València;46250;València;B2;NIVEL INTERMEDIO;1;Neerlandés;1;2;0;0;2
2024;46013220;46;Valencia/València;46250;València;B2;NIVEL INTERMEDIO;1;Polaco;1;1;4;0;5
2024;46013220;46;Valencia/València;46250;València;B2;NIVEL INTERMEDIO;1;Portugués;2;19;3;0;22
2024;46013220;46;Valencia/València;46250;València;B2;NIVEL INTERMEDIO;1;Ruso;1;1;8;0;9
2024;46013220;46;Valencia/València;46250;València;B2;NIVEL INTERMEDIO;1;Valenciano;6;131;43;0;174
2024;46013220;46;Valencia/València;46250;València;B2;NIVEL INTERMEDIO;1;Árabe;1;5;5;0;10
2024;46013220;46;Valencia/València;46250;València;B2;NIVEL INTERMEDIO;2;Alemán;2;21;19;0;40
2024;46013220;46;Valencia/València;46250;València;B2;NIVEL INTERMEDIO;2;Chino;1;7;2;0;9
2024;46013220;46;Valencia/València;46250;València;B2;NIVEL INTERMEDIO;2;Finés;1;3;3;0;6
2024;46013220;46;Valencia/València;46250;València;B2;NIVEL INTERMEDIO;2;Francés;4;56;17;0;73
2024;46013220;46;Valencia/València;46250;València;B2;NIVEL INTERMEDIO;2;Griego;1;5;6;0;11
2024;46013220;46;Valencia/València;46250;València;B2;NIVEL INTERMEDIO;2;Inglés;15;250;145;0;395
2024;46013220;46;Valencia/València;46250;València;B2;NIVEL INTERMEDIO;2;Italiano;2;30;16;0;46
2024;46013220;46;Valencia/València;46250;València;B2;NIVEL INTERMEDIO;2;Japonés;1;3;2;0;5
2024;46013220;46;Valencia/València;46250;València;B2;NIVEL INTERMEDIO;2;Neerlandés;1;0;3;0;3
2024;46013220;46;Valencia/València;46250;València;B2;NIVEL INTERMEDIO;2;Polaco;1;0;2;0;2
2024;46013220;46;Valencia/València;46250;València;B2;NIVEL INTERMEDIO;2;Portugués;1;9;6;0;15
2024;46013220;46;Valencia/València;46250;València;B2;NIVEL INTERMEDIO;2;Ruso;1;1;3;0;4
2024;46013220;46;Valencia/València;46250;València;B2;NIVEL INTERMEDIO;2;Árabe;1;3;0;0;3
2024;46013220;46;Valencia/València;46250;València;C1;NIVEL AVANZADO;1;Alemán;2;9;9;0;18
2024;46013220;46;Valencia/València;46250;València;C1;NIVEL AVANZADO;1;Español Como Lengua Extranjera;1;18;7;0;25
2024;46013220;46;Valencia/València;46250;València;C1;NIVEL AVANZADO;1;Francés;4;43;29;0;72
2024;46013220;46;Valencia/València;46250;València;C1;NIVEL AVANZADO;1;Inglés;16;278;145;0;423
2024;46013220;46;Valencia/València;46250;València;C1;NIVEL AVANZADO;1;Italiano;4;49;19;0;68
2024;46013220;46;Valencia/València;46250;València;C1;NIVEL AVANZADO;1;Portugués;1;10;6;0;16
2024;46013220;46;Valencia/València;46250;València;C1;NIVEL AVANZADO;1;Valenciano;6;112;27;0;139
2024;46013220;46;Valencia/València;46250;València;C1;NIVEL AVANZADO;2;Alemán;2;9;8;0;17
2024;46013220;46;Valencia/València;46250;València;C1;NIVEL AVANZADO;2;Francés;3;20;17;0;37
2024;46013220;46;Valencia/València;46250;València;C1;NIVEL AVANZADO;2;Inglés;12;194;95;0;289
2024;46013220;46;Valencia/València;46250;València;C2;NIVEL AVANZADO;1;Alemán;1;7;2;0;9
2024;46013220;46;Valencia/València;46250;València;C2;NIVEL AVANZADO;1;Francés;2;19;21;0;40
2024;46013220;46;Valencia/València;46250;València;C2;NIVEL AVANZADO;1;Inglés;6;92;34;0;126
2024;46013220;46;Valencia/València;46250;València;C2;NIVEL AVANZADO;1;Italiano;2;18;5;0;23
2024;46013220;46;Valencia/València;46250;València;C2;NIVEL AVANZADO;1;Valenciano;5;99;42;0;141
2024;46013220;46;Valencia/València;46250;València;C2;NIVEL AVANZADO;2;Alemán;1;5;2;0;7
2024;46013220;46;Valencia/València;46250;València;C2;NIVEL AVANZADO;2;Francés;2;12;6;0;18
2024;46013220;46;Valencia/València;46250;València;C2;NIVEL AVANZADO;2;Inglés;4;34;30;0;64
2024;46013220;46;Valencia/València;46250;València;C2;NIVEL AVANZADO;2;Valenciano;2;35;27;0;62
2024;46013220;46;Valencia/València;46250;València;Complementario Tipo A;SIN DEFINIR;A;Alemán;7;27;19;0;46
2024;46013220;46;Valencia/València;46250;València;Complementario Tipo A;SIN DEFINIR;A;Chino;1;1;5;0;6
2024;46013220;46;Valencia/València;46250;València;Complementario Tipo A;SIN DEFINIR;A;Español Como Lengua Extranjera;4;45;15;0;60
2024;46013220;46;Valencia/València;46250;València;Complementario Tipo A;SIN DEFINIR;A;Francés;8;63;16;0;79
2024;46013220;46;Valencia/València;46250;València;Complementario Tipo A;SIN DEFINIR;A;Inglés;17;148;64;0;212
2024;46013220;46;Valencia/València;46250;València;Complementario Tipo A;SIN DEFINIR;A;Italiano;4;36;5;0;41
2024;46013220;46;Valencia/València;46250;València;Complementario Tipo A;SIN DEFINIR;A;Ruso;2;4;7;0;11
2024;46013220;46;Valencia/València;46250;València;Complementario Tipo A;SIN DEFINIR;A;Valenciano;1;1;1;0;2
2024;46013220;46;Valencia/València;46250;València;Complementario Tipo A;SIN DEFINIR;A;Árabe;1;6;3;0;9
2024;46013220;46;Valencia/València;46250;València;Complementario Tipo B;SIN DEFINIR;B;Francés;1;2;1;0;3
2024;46013220;46;Valencia/València;46250;València;Complementario Tipo B;SIN DEFINIR;B;Inglés;12;70;21;0;91
2024;46013220;46;Valencia/València;46250;València;Complementario Tipo B;SIN DEFINIR;B;Italiano;3;17;5;0;22
2024;46013220;46;Valencia/València;46250;València;Complementario Tipo B;SIN DEFINIR;B;Valenciano;5;11;4;0;15
2024;46018382;46;Valencia/València;46017;Alzira;A2;NIVEL BÁSICO;1;Alemán;3;24;15;0;39
2024;46018382;46;Valencia/València;46017;Alzira;A2;NIVEL BÁSICO;1;Francés;4;47;18;0;65
2024;46018382;46;Valencia/València;46017;Alzira;A2;NIVEL BÁSICO;1;Inglés;4;68;36;0;104
2024;46018382;46;Valencia/València;46017;Alzira;A2;NIVEL BÁSICO;1;Italiano;2;22;12;0;34
2024;46018382;46;Valencia/València;46017;Alzira;A2;NIVEL BÁSICO;2;Alemán;2;10;8;0;18
2024;46018382;46;Valencia/València;46017;Alzira;A2;NIVEL BÁSICO;2;Francés;2;17;7;0;24
2024;46018382;46;Valencia/València;46017;Alzira;A2;NIVEL BÁSICO;2;Inglés;5;41;28;0;69
2024;46018382;46;Valencia/València;46017;Alzira;A2;NIVEL BÁSICO;2;Italiano;1;15;7;0;22
2024;46018382;46;Valencia/València;46017;Alzira;B1;NIVEL INTERMEDIO;1;Alemán;1;8;9;0;17
2024;46018382;46;Valencia/València;46017;Alzira;B1;NIVEL INTERMEDIO;1;Francés;2;22;12;0;34
2024;46018382;46;Valencia/València;46017;Alzira;B1;NIVEL INTERMEDIO;1;Inglés;8;98;64;0;162
2024;46018382;46;Valencia/València;46017;Alzira;B1;NIVEL INTERMEDIO;1;Italiano;1;12;8;0;20
2024;46018382;46;Valencia/València;46017;Alzira;B1;NIVEL INTERMEDIO;2;Alemán;1;5;4;0;9
2024;46018382;46;Valencia/València;46017;Alzira;B1;NIVEL INTERMEDIO;2;Francés;2;8;7;0;15
2024;46018382;46;Valencia/València;46017;Alzira;B1;NIVEL INTERMEDIO;2;Inglés;8;87;59;0;146
2024;46018382;46;Valencia/València;46017;Alzira;B2;NIVEL INTERMEDIO;1;Alemán;1;6;4;0;10
2024;46018382;46;Valencia/València;46017;Alzira;B2;NIVEL INTERMEDIO;1;Francés;1;7;1;0;8
2024;46018382;46;Valencia/València;46017;Alzira;B2;NIVEL INTERMEDIO;1;Inglés;8;87;49;0;136
2024;46018382;46;Valencia/València;46017;Alzira;B2;NIVEL INTERMEDIO;1;Italiano;1;10;3;0;13
2024;46018382;46;Valencia/València;46017;Alzira;B2;NIVEL INTERMEDIO;1;Valenciano;1;12;2;0;14
2024;46018382;46;Valencia/València;46017;Alzira;B2;NIVEL INTERMEDIO;2;Alemán;1;5;4;0;9
2024;46018382;46;Valencia/València;46017;Alzira;B2;NIVEL INTERMEDIO;2;Francés;1;4;4;0;8
2024;46018382;46;Valencia/València;46017;Alzira;B2;NIVEL INTERMEDIO;2;Inglés;7;72;49;0;121
2024;46018382;46;Valencia/València;46017;Alzira;B2;NIVEL INTERMEDIO;2;Italiano;1;6;1;0;7
2024;46018382;46;Valencia/València;46017;Alzira;C1;NIVEL AVANZADO;1;Inglés;6;76;42;0;118
2024;46018382;46;Valencia/València;46017;Alzira;C1;NIVEL AVANZADO;1;Italiano;1;7;5;0;12
2024;46018382;46;Valencia/València;46017;Alzira;C1;NIVEL AVANZADO;1;Valenciano;3;40;20;0;60
2024;46018382;46;Valencia/València;46017;Alzira;C1;NIVEL AVANZADO;2;Inglés;4;30;30;0;60
2024;46018382;46;Valencia/València;46017;Alzira;C2;NIVEL AVANZADO;1;Inglés;1;7;8;0;15
2024;46018382;46;Valencia/València;46017;Alzira;C2;NIVEL AVANZADO;1;Italiano;1;2;3;0;5
2024;46018382;46;Valencia/València;46017;Alzira;C2;NIVEL AVANZADO;1;Valenciano;1;16;9;0;25
2024;46018382;46;Valencia/València;46017;Alzira;C2;NIVEL AVANZADO;2;Inglés;1;8;3;0;11
2024;46018382;46;Valencia/València;46017;Alzira;C2;NIVEL AVANZADO;2;Italiano;1;2;5;0;7
2024;46018382;46;Valencia/València;46017;Alzira;C2;NIVEL AVANZADO;2;Valenciano;2;29;10;0;39
2024;46018382;46;Valencia/València;46017;Alzira;Complementario Tipo A;SIN DEFINIR;A;Francés;2;4;4;0;8
2024;46018382;46;Valencia/València;46017;Alzira;Complementario Tipo A;SIN DEFINIR;A;Inglés;8;41;27;0;68
2024;46018382;46;Valencia/València;46017;Alzira;Complementario Tipo A;SIN DEFINIR;A;Valenciano;1;2;0;0;2
2024;46018394;46;Valencia/València;46131;Gandia;A2;NIVEL BÁSICO;1;Alemán;3;63;34;0;97
2024;46018394;46;Valencia/València;46131;Gandia;A2;NIVEL BÁSICO;1;Español Como Lengua Extranjera;3;69;51;0;120
2024;46018394;46;Valencia/València;46131;Gandia;A2;NIVEL BÁSICO;1;Francés;5;91;44;0;135
2024;46018394;46;Valencia/València;46131;Gandia;A2;NIVEL BÁSICO;1;Inglés;9;160;97;0;257
2024;46018394;46;Valencia/València;46131;Gandia;A2;NIVEL BÁSICO;1;Italiano;5;67;39;0;106
2024;46018394;46;Valencia/València;46131;Gandia;A2;NIVEL BÁSICO;2;Alemán;3;28;13;0;41
2024;46018394;46;Valencia/València;46131;Gandia;A2;NIVEL BÁSICO;2;Español Como Lengua Extranjera;4;96;36;0;132
2024;46018394;46;Valencia/València;46131;Gandia;A2;NIVEL BÁSICO;2;Francés;5;63;23;0;86
2024;46018394;46;Valencia/València;46131;Gandia;A2;NIVEL BÁSICO;2;Inglés;8;120;80;0;200
2024;46018394;46;Valencia/València;46131;Gandia;A2;NIVEL BÁSICO;2;Italiano;3;24;11;0;35
2024;46018394;46;Valencia/València;46131;Gandia;B1;NIVEL INTERMEDIO;1;Alemán;1;14;13;0;27
2024;46018394;46;Valencia/València;46131;Gandia;B1;NIVEL INTERMEDIO;1;Español Como Lengua Extranjera;1;33;7;0;40
2024;46018394;46;Valencia/València;46131;Gandia;B1;NIVEL INTERMEDIO;1;Francés;2;22;12;0;34
2024;46018394;46;Valencia/València;46131;Gandia;B1;NIVEL INTERMEDIO;1;Inglés;14;255;123;0;378
2024;46018394;46;Valencia/València;46131;Gandia;B1;NIVEL INTERMEDIO;1;Italiano;3;18;10;0;28
2024;46018394;46;Valencia/València;46131;Gandia;B1;NIVEL INTERMEDIO;2;Alemán;2;17;9;0;26
2024;46018394;46;Valencia/València;46131;Gandia;B1;NIVEL INTERMEDIO;2;Francés;3;23;11;0;34
2024;46018394;46;Valencia/València;46131;Gandia;B1;NIVEL INTERMEDIO;2;Inglés;12;135;76;0;211
2024;46018394;46;Valencia/València;46131;Gandia;B2;NIVEL INTERMEDIO;1;Alemán;1;2;2;0;4
2024;46018394;46;Valencia/València;46131;Gandia;B2;NIVEL INTERMEDIO;1;Español Como Lengua Extranjera;1;28;9;0;37
2024;46018394;46;Valencia/València;46131;Gandia;B2;NIVEL INTERMEDIO;1;Francés;1;11;6;0;17
2024;46018394;46;Valencia/València;46131;Gandia;B2;NIVEL INTERMEDIO;1;Inglés;12;175;122;0;297
2024;46018394;46;Valencia/València;46131;Gandia;B2;NIVEL INTERMEDIO;1;Italiano;2;13;1;0;14
2024;46018394;46;Valencia/València;46131;Gandia;B2;NIVEL INTERMEDIO;1;Valenciano;2;48;28;0;76
2024;46018394;46;Valencia/València;46131;Gandia;B2;NIVEL INTERMEDIO;2;Alemán;1;5;4;0;9
2024;46018394;46;Valencia/València;46131;Gandia;B2;NIVEL INTERMEDIO;2;Francés;1;8;3;0;11
2024;46018394;46;Valencia/València;46131;Gandia;B2;NIVEL INTERMEDIO;2;Inglés;11;115;77;0;192
2024;46018394;46;Valencia/València;46131;Gandia;B2;NIVEL INTERMEDIO;2;Italiano;1;7;2;0;9
2024;46018394;46;Valencia/València;46131;Gandia;C1;NIVEL AVANZADO;1;Alemán;2;21;7;0;28
2024;46018394;46;Valencia/València;46131;Gandia;C1;NIVEL AVANZADO;1;Francés;2;19;14;0;33
2024;46018394;46;Valencia/València;46131;Gandia;C1;NIVEL AVANZADO;1;Inglés;8;150;73;0;223
2024;46018394;46;Valencia/València;46131;Gandia;C1;NIVEL AVANZADO;1;Italiano;1;5;2;0;7
2024;46018394;46;Valencia/València;46131;Gandia;C1;NIVEL AVANZADO;1;Valenciano;3;48;24;0;72
2024;46018394;46;Valencia/València;46131;Gandia;C1;NIVEL AVANZADO;2;Alemán;2;11;1;0;12
2024;46018394;46;Valencia/València;46131;Gandia;C1;NIVEL AVANZADO;2;Francés;2;15;4;0;19
2024;46018394;46;Valencia/València;46131;Gandia;C1;NIVEL AVANZADO;2;Inglés;6;80;45;0;125
2024;46018394;46;Valencia/València;46131;Gandia;C2;NIVEL AVANZADO;1;Inglés;2;32;8;0;40
2024;46018394;46;Valencia/València;46131;Gandia;C2;NIVEL AVANZADO;1;Italiano;1;4;2;0;6
2024;46018394;46;Valencia/València;46131;Gandia;C2;NIVEL AVANZADO;1;Valenciano;4;65;26;0;91
2024;46018394;46;Valencia/València;46131;Gandia;C2;NIVEL AVANZADO;2;Inglés;2;15;5;0;20
2024;46018394;46;Valencia/València;46131;Gandia;C2;NIVEL AVANZADO;2;Italiano;1;4;2;0;6
2024;46018394;46;Valencia/València;46131;Gandia;C2;NIVEL AVANZADO;2;Valenciano;2;48;13;0;61
2024;46018394;46;Valencia/València;46131;Gandia;Complementario Tipo A;SIN DEFINIR;A;Inglés;3;19;7;0;26
2024;46018394;46;Valencia/València;46131;Gandia;Complementario Tipo B;SIN DEFINIR;B;Alemán;2;3;2;0;5
2024;46018394;46;Valencia/València;46131;Gandia;Complementario Tipo B;SIN DEFINIR;B;Francés;3;15;3;0;18
2024;46018394;46;Valencia/València;46131;Gandia;Complementario Tipo B;SIN DEFINIR;B;Inglés;5;31;16;0;47
2024;46020546;46;Valencia/València;46102;Quart de Poblet;A2;NIVEL BÁSICO;1;Alemán;3;28;33;0;61
2024;46020546;46;Valencia/València;46102;Quart de Poblet;A2;NIVEL BÁSICO;1;Francés;4;46;16;0;62
2024;46020546;46;Valencia/València;46102;Quart de Poblet;A2;NIVEL BÁSICO;1;Inglés;7;109;69;0;178
2024;46020546;46;Valencia/València;46102;Quart de Poblet;A2;NIVEL BÁSICO;1;Italiano;4;50;17;0;67
2024;46020546;46;Valencia/València;46102;Quart de Poblet;A2;NIVEL BÁSICO;2;Alemán;2;10;10;0;20
2024;46020546;46;Valencia/València;46102;Quart de Poblet;A2;NIVEL BÁSICO;2;Francés;3;17;9;0;26
2024;46020546;46;Valencia/València;46102;Quart de Poblet;A2;NIVEL BÁSICO;2;Inglés;5;63;43;0;106
2024;46020546;46;Valencia/València;46102;Quart de Poblet;A2;NIVEL BÁSICO;2;Italiano;2;19;8;0;27
2024;46020546;46;Valencia/València;46102;Quart de Poblet;B1;NIVEL INTERMEDIO;1;Alemán;2;6;8;0;14
2024;46020546;46;Valencia/València;46102;Quart de Poblet;B1;NIVEL INTERMEDIO;1;Francés;3;25;15;0;40
2024;46020546;46;Valencia/València;46102;Quart de Poblet;B1;NIVEL INTERMEDIO;1;Inglés;10;131;99;0;230
2024;46020546;46;Valencia/València;46102;Quart de Poblet;B1;NIVEL INTERMEDIO;1;Italiano;1;11;6;0;17
2024;46020546;46;Valencia/València;46102;Quart de Poblet;B1;NIVEL INTERMEDIO;2;Alemán;2;9;9;0;18
2024;46020546;46;Valencia/València;46102;Quart de Poblet;B1;NIVEL INTERMEDIO;2;Francés;2;14;6;0;20
2024;46020546;46;Valencia/València;46102;Quart de Poblet;B1;NIVEL INTERMEDIO;2;Inglés;7;92;55;0;147
2024;46020546;46;Valencia/València;46102;Quart de Poblet;B2;NIVEL INTERMEDIO;1;Alemán;1;7;7;0;14
2024;46020546;46;Valencia/València;46102;Quart de Poblet;B2;NIVEL INTERMEDIO;1;Francés;2;18;5;0;23
2024;46020546;46;Valencia/València;46102;Quart de Poblet;B2;NIVEL INTERMEDIO;1;Inglés;7;88;53;0;141
2024;46020546;46;Valencia/València;46102;Quart de Poblet;B2;NIVEL INTERMEDIO;1;Italiano;2;18;5;0;23
2024;46020546;46;Valencia/València;46102;Quart de Poblet;B2;NIVEL INTERMEDIO;1;Valenciano;2;23;8;0;31
2024;46020546;46;Valencia/València;46102;Quart de Poblet;B2;NIVEL INTERMEDIO;2;Alemán;1;11;2;0;13
2024;46020546;46;Valencia/València;46102;Quart de Poblet;B2;NIVEL INTERMEDIO;2;Francés;2;16;7;0;23
2024;46020546;46;Valencia/València;46102;Quart de Poblet;B2;NIVEL INTERMEDIO;2;Inglés;7;100;50;0;150
2024;46020546;46;Valencia/València;46102;Quart de Poblet;B2;NIVEL INTERMEDIO;2;Italiano;1;11;7;0;18
2024;46020546;46;Valencia/València;46102;Quart de Poblet;C1;NIVEL AVANZADO;1;Alemán;1;4;7;0;11
2024;46020546;46;Valencia/València;46102;Quart de Poblet;C1;NIVEL AVANZADO;1;Francés;1;16;2;0;18
2024;46020546;46;Valencia/València;46102;Quart de Poblet;C1;NIVEL AVANZADO;1;Inglés;5;51;35;0;86
2024;46020546;46;Valencia/València;46102;Quart de Poblet;C1;NIVEL AVANZADO;1;Italiano;1;6;2;0;8
2024;46020546;46;Valencia/València;46102;Quart de Poblet;C1;NIVEL AVANZADO;1;Valenciano;2;23;15;0;38
2024;46020546;46;Valencia/València;46102;Quart de Poblet;C1;NIVEL AVANZADO;2;Alemán;1;1;1;0;2
2024;46020546;46;Valencia/València;46102;Quart de Poblet;C1;NIVEL AVANZADO;2;Francés;1;12;5;0;17
2024;46020546;46;Valencia/València;46102;Quart de Poblet;C1;NIVEL AVANZADO;2;Inglés;3;38;17;0;55
2024;46020546;46;Valencia/València;46102;Quart de Poblet;C2;NIVEL AVANZADO;1;Inglés;2;11;19;0;30
2024;46020546;46;Valencia/València;46102;Quart de Poblet;C2;NIVEL AVANZADO;1;Italiano;1;7;2;0;9
2024;46020546;46;Valencia/València;46102;Quart de Poblet;C2;NIVEL AVANZADO;1;Valenciano;2;26;7;0;33
2024;46020546;46;Valencia/València;46102;Quart de Poblet;C2;NIVEL AVANZADO;2;Inglés;2;23;11;0;34
2024;46020546;46;Valencia/València;46102;Quart de Poblet;C2;NIVEL AVANZADO;2;Italiano;1;7;5;0;12
2024;46020546;46;Valencia/València;46102;Quart de Poblet;C2;NIVEL AVANZADO;2;Valenciano;2;24;12;0;36
2024;46020546;46;Valencia/València;46102;Quart de Poblet;Complementario Tipo A;SIN DEFINIR;A;Alemán;2;6;4;0;10
2024;46020546;46;Valencia/València;46102;Quart de Poblet;Complementario Tipo A;SIN DEFINIR;A;Francés;4;20;9;0;29
2024;46020546;46;Valencia/València;46102;Quart de Poblet;Complementario Tipo B;SIN DEFINIR;B;Inglés;8;57;28;0;85
2024;46020546;46;Valencia/València;46102;Quart de Poblet;Complementario Tipo B;SIN DEFINIR;B;Italiano;1;5;2;0;7
2024;46020546;46;Valencia/València;46102;Quart de Poblet;Complementario Tipo B;SIN DEFINIR;B;Valenciano;1;3;1;0;4
2024;46020558;46;Valencia/València;46220;Sagunt/Sagunto;A2;NIVEL BÁSICO;1;Alemán;5;45;27;0;72
2024;46020558;46;Valencia/València;46220;Sagunt/Sagunto;A2;NIVEL BÁSICO;1;Español Como Lengua Extranjera;3;62;43;0;105
2024;46020558;46;Valencia/València;46220;Sagunt/Sagunto;A2;NIVEL BÁSICO;1;Francés;5;53;27;0;80
2024;46020558;46;Valencia/València;46220;Sagunt/Sagunto;A2;NIVEL BÁSICO;1;Inglés;7;116;54;0;170
2024;46020558;46;Valencia/València;46220;Sagunt/Sagunto;A2;NIVEL BÁSICO;1;Italiano;3;41;18;0;59
2024;46020558;46;Valencia/València;46220;Sagunt/Sagunto;A2;NIVEL BÁSICO;1;Valenciano;2;27;6;0;33
2024;46020558;46;Valencia/València;46220;Sagunt/Sagunto;A2;NIVEL BÁSICO;2;Alemán;4;23;10;0;33
2024;46020558;46;Valencia/València;46220;Sagunt/Sagunto;A2;NIVEL BÁSICO;2;Español Como Lengua Extranjera;2;46;24;0;70
2024;46020558;46;Valencia/València;46220;Sagunt/Sagunto;A2;NIVEL BÁSICO;2;Francés;4;32;9;0;41
2024;46020558;46;Valencia/València;46220;Sagunt/Sagunto;A2;NIVEL BÁSICO;2;Inglés;4;72;44;0;116
2024;46020558;46;Valencia/València;46220;Sagunt/Sagunto;A2;NIVEL BÁSICO;2;Italiano;2;29;12;0;41
2024;46020558;46;Valencia/València;46220;Sagunt/Sagunto;B1;NIVEL INTERMEDIO;1;Alemán;2;13;8;0;21
2024;46020558;46;Valencia/València;46220;Sagunt/Sagunto;B1;NIVEL INTERMEDIO;1;Español Como Lengua Extranjera;1;25;8;0;33
2024;46020558;46;Valencia/València;46220;Sagunt/Sagunto;B1;NIVEL INTERMEDIO;1;Francés;5;72;17;0;89
2024;46020558;46;Valencia/València;46220;Sagunt/Sagunto;B1;NIVEL INTERMEDIO;1;Inglés;10;146;91;0;237
2024;46020558;46;Valencia/València;46220;Sagunt/Sagunto;B1;NIVEL INTERMEDIO;1;Italiano;2;18;2;0;20
2024;46020558;46;Valencia/València;46220;Sagunt/Sagunto;B1;NIVEL INTERMEDIO;1;Valenciano;1;14;4;0;18
2024;46020558;46;Valencia/València;46220;Sagunt/Sagunto;B1;NIVEL INTERMEDIO;2;Alemán;2;4;5;0;9
2024;46020558;46;Valencia/València;46220;Sagunt/Sagunto;B1;NIVEL INTERMEDIO;2;Francés;2;7;1;0;8
2024;46020558;46;Valencia/València;46220;Sagunt/Sagunto;B1;NIVEL INTERMEDIO;2;Inglés;8;115;61;0;176
2024;46020558;46;Valencia/València;46220;Sagunt/Sagunto;B2;NIVEL INTERMEDIO;1;Alemán;1;0;1;0;1
2024;46020558;46;Valencia/València;46220;Sagunt/Sagunto;B2;NIVEL INTERMEDIO;1;Español Como Lengua Extranjera;1;13;8;0;21
2024;46020558;46;Valencia/València;46220;Sagunt/Sagunto;B2;NIVEL INTERMEDIO;1;Francés;3;13;8;0;21
2024;46020558;46;Valencia/València;46220;Sagunt/Sagunto;B2;NIVEL INTERMEDIO;1;Inglés;11;149;61;0;210
2024;46020558;46;Valencia/València;46220;Sagunt/Sagunto;B2;NIVEL INTERMEDIO;1;Italiano;1;8;1;0;9
2024;46020558;46;Valencia/València;46220;Sagunt/Sagunto;B2;NIVEL INTERMEDIO;1;Valenciano;4;52;11;0;63
2024;46020558;46;Valencia/València;46220;Sagunt/Sagunto;B2;NIVEL INTERMEDIO;2;Alemán;1;3;2;0;5
2024;46020558;46;Valencia/València;46220;Sagunt/Sagunto;B2;NIVEL INTERMEDIO;2;Francés;2;7;3;0;10
2024;46020558;46;Valencia/València;46220;Sagunt/Sagunto;B2;NIVEL INTERMEDIO;2;Inglés;8;119;66;0;185
2024;46020558;46;Valencia/València;46220;Sagunt/Sagunto;B2;NIVEL INTERMEDIO;2;Italiano;1;2;0;0;2
2024;46020558;46;Valencia/València;46220;Sagunt/Sagunto;C1;NIVEL AVANZADO;1;Español Como Lengua Extranjera;1;7;4;0;11
2024;46020558;46;Valencia/València;46220;Sagunt/Sagunto;C1;NIVEL AVANZADO;1;Francés;1;8;3;0;11
2024;46020558;46;Valencia/València;46220;Sagunt/Sagunto;C1;NIVEL AVANZADO;1;Inglés;10;125;69;0;194
2024;46020558;46;Valencia/València;46220;Sagunt/Sagunto;C1;NIVEL AVANZADO;1;Italiano;1;6;2;0;8
2024;46020558;46;Valencia/València;46220;Sagunt/Sagunto;C1;NIVEL AVANZADO;1;Valenciano;3;54;18;0;72
2024;46020558;46;Valencia/València;46220;Sagunt/Sagunto;C1;NIVEL AVANZADO;2;Francés;1;2;2;0;4
2024;46020558;46;Valencia/València;46220;Sagunt/Sagunto;C1;NIVEL AVANZADO;2;Inglés;7;80;42;0;122
2024;46020558;46;Valencia/València;46220;Sagunt/Sagunto;C2;NIVEL AVANZADO;1;Inglés;2;24;6;0;30
2024;46020558;46;Valencia/València;46220;Sagunt/Sagunto;C2;NIVEL AVANZADO;1;Valenciano;2;37;15;0;52
2024;46020558;46;Valencia/València;46220;Sagunt/Sagunto;C2;NIVEL AVANZADO;2;Inglés;1;10;2;0;12
2024;46020558;46;Valencia/València;46220;Sagunt/Sagunto;C2;NIVEL AVANZADO;2;Valenciano;2;29;16;0;45
2024;46020558;46;Valencia/València;46220;Sagunt/Sagunto;Complementario Tipo A;SIN DEFINIR;A;Español Como Lengua Extranjera;1;11;2;0;13
2024;46020558;46;Valencia/València;46220;Sagunt/Sagunto;Complementario Tipo A;SIN DEFINIR;A;Francés;1;4;1;0;5
2024;46020558;46;Valencia/València;46220;Sagunt/Sagunto;Complementario Tipo A;SIN DEFINIR;A;Inglés;3;11;4;0;15
2024;46020558;46;Valencia/València;46220;Sagunt/Sagunto;Complementario Tipo A;SIN DEFINIR;A;Valenciano;1;5;0;0;5
2024;46020558;46;Valencia/València;46220;Sagunt/Sagunto;Complementario Tipo B;SIN DEFINIR;B;Inglés;6;29;11;0;40
2024;46024217;46;Valencia/València;46249;Utiel;A2;NIVEL BÁSICO;1;Alemán;1;0;5;0;5
2024;46024217;46;Valencia/València;46249;Utiel;A2;NIVEL BÁSICO;1;Francés;1;8;1;0;9
2024;46024217;46;Valencia/València;46249;Utiel;A2;NIVEL BÁSICO;1;Inglés;4;37;31;0;68
2024;46024217;46;Valencia/València;46249;Utiel;A2;NIVEL BÁSICO;1;Valenciano;1;8;3;0;11
2024;46024217;46;Valencia/València;46249;Utiel;A2;NIVEL BÁSICO;2;Alemán;1;2;5;0;7
2024;46024217;46;Valencia/València;46249;Utiel;A2;NIVEL BÁSICO;2;Francés;1;3;1;0;4
2024;46024217;46;Valencia/València;46249;Utiel;A2;NIVEL BÁSICO;2;Inglés;2;20;6;0;26
2024;46024217;46;Valencia/València;46249;Utiel;B1;NIVEL INTERMEDIO;1;Alemán;1;3;0;0;3
2024;46024217;46;Valencia/València;46249;Utiel;B1;NIVEL INTERMEDIO;1;Francés;1;6;3;0;9
2024;46024217;46;Valencia/València;46249;Utiel;B1;NIVEL INTERMEDIO;1;Inglés;5;45;25;0;70
2024;46024217;46;Valencia/València;46249;Utiel;B1;NIVEL INTERMEDIO;1;Valenciano;1;8;1;0;9
2024;46024217;46;Valencia/València;46249;Utiel;B1;NIVEL INTERMEDIO;2;Alemán;1;0;1;0;1
2024;46024217;46;Valencia/València;46249;Utiel;B1;NIVEL INTERMEDIO;2;Francés;1;4;1;0;5
2024;46024217;46;Valencia/València;46249;Utiel;B1;NIVEL INTERMEDIO;2;Inglés;4;39;25;0;64
2024;46024217;46;Valencia/València;46249;Utiel;B2;NIVEL INTERMEDIO;1;Alemán;1;2;2;0;4
2024;46024217;46;Valencia/València;46249;Utiel;B2;NIVEL INTERMEDIO;1;Francés;1;1;0;0;1
2024;46024217;46;Valencia/València;46249;Utiel;B2;NIVEL INTERMEDIO;1;Inglés;5;47;25;0;72
2024;46024217;46;Valencia/València;46249;Utiel;B2;NIVEL INTERMEDIO;1;Valenciano;1;7;2;0;9
2024;46024217;46;Valencia/València;46249;Utiel;B2;NIVEL INTERMEDIO;2;Alemán;1;2;0;0;2
2024;46024217;46;Valencia/València;46249;Utiel;B2;NIVEL INTERMEDIO;2;Francés;1;1;0;0;1
2024;46024217;46;Valencia/València;46249;Utiel;B2;NIVEL INTERMEDIO;2;Inglés;3;31;14;0;45
2024;46024217;46;Valencia/València;46249;Utiel;C1;NIVEL AVANZADO;1;Inglés;3;28;22;0;50
2024;46024217;46;Valencia/València;46249;Utiel;C1;NIVEL AVANZADO;1;Valenciano;2;18;13;0;31
2024;46024217;46;Valencia/València;46249;Utiel;C1;NIVEL AVANZADO;2;Inglés;2;9;7;0;16
2024;46024217;46;Valencia/València;46249;Utiel;C2;NIVEL AVANZADO;1;Valenciano;2;15;2;0;17
2024;46024217;46;Valencia/València;46249;Utiel;C2;NIVEL AVANZADO;2;Valenciano;2;8;3;0;11
2024;46024217;46;Valencia/València;46249;Utiel;Complementario Tipo B;SIN DEFINIR;B;Inglés;2;7;1;0;8
2024;46027127;46;Valencia/València;46250;València;A2;NIVEL BÁSICO;1;Alemán;3;36;40;0;76
2024;46027127;46;Valencia/València;46250;València;A2;NIVEL BÁSICO;1;Francés;6;102;66;0;168
2024;46027127;46;Valencia/València;46250;València;A2;NIVEL BÁSICO;1;Inglés;9;159;84;0;243
2024;46027127;46;Valencia/València;46250;València;A2;NIVEL BÁSICO;1;Italiano;4;79;38;0;117
2024;46027127;46;Valencia/València;46250;València;A2;NIVEL BÁSICO;1;Valenciano;3;43;19;0;62
2024;46027127;46;Valencia/València;46250;València;A2;NIVEL BÁSICO;2;Alemán;3;15;12;0;27
2024;46027127;46;Valencia/València;46250;València;A2;NIVEL BÁSICO;2;Francés;4;59;28;0;87
2024;46027127;46;Valencia/València;46250;València;A2;NIVEL BÁSICO;2;Inglés;6;103;53;0;156
2024;46027127;46;Valencia/València;46250;València;A2;NIVEL BÁSICO;2;Italiano;2;20;13;0;33
2024;46027127;46;Valencia/València;46250;València;B1;NIVEL INTERMEDIO;1;Alemán;2;13;14;0;27
2024;46027127;46;Valencia/València;46250;València;B1;NIVEL INTERMEDIO;1;Francés;2;34;19;0;53
2024;46027127;46;Valencia/València;46250;València;B1;NIVEL INTERMEDIO;1;Inglés;13;221;138;0;359
2024;46027127;46;Valencia/València;46250;València;B1;NIVEL INTERMEDIO;1;Italiano;2;34;10;0;44
2024;46027127;46;Valencia/València;46250;València;B1;NIVEL INTERMEDIO;1;Valenciano;1;19;7;0;26
2024;46027127;46;Valencia/València;46250;València;B1;NIVEL INTERMEDIO;2;Alemán;2;11;6;0;17
2024;46027127;46;Valencia/València;46250;València;B1;NIVEL INTERMEDIO;2;Francés;2;19;13;0;32
2024;46027127;46;Valencia/València;46250;València;B1;NIVEL INTERMEDIO;2;Inglés;9;131;76;0;207
2024;46027127;46;Valencia/València;46250;València;B2;NIVEL INTERMEDIO;1;Francés;1;16;5;0;21
2024;46027127;46;Valencia/València;46250;València;B2;NIVEL INTERMEDIO;1;Inglés;8;159;89;0;248
2024;46027127;46;Valencia/València;46250;València;B2;NIVEL INTERMEDIO;1;Italiano;1;8;4;0;12
2024;46027127;46;Valencia/València;46250;València;B2;NIVEL INTERMEDIO;1;Valenciano;4;59;17;0;76
2024;46027127;46;Valencia/València;46250;València;B2;NIVEL INTERMEDIO;2;Francés;1;10;5;0;15
2024;46027127;46;Valencia/València;46250;València;B2;NIVEL INTERMEDIO;2;Inglés;8;115;81;0;196
2024;46027127;46;Valencia/València;46250;València;B2;NIVEL INTERMEDIO;2;Italiano;1;6;2;0;8
2024;46027127;46;Valencia/València;46250;València;C1;NIVEL AVANZADO;1;Inglés;8;142;83;0;225
2024;46027127;46;Valencia/València;46250;València;C1;NIVEL AVANZADO;1;Valenciano;4;63;44;0;107
2024;46027127;46;Valencia/València;46250;València;C1;NIVEL AVANZADO;2;Inglés;6;79;60;0;139
2024;46027127;46;Valencia/València;46250;València;C2;NIVEL AVANZADO;1;Inglés;1;13;11;0;24
2024;46027127;46;Valencia/València;46250;València;C2;NIVEL AVANZADO;1;Valenciano;2;48;15;0;63
2024;46027127;46;Valencia/València;46250;València;C2;NIVEL AVANZADO;2;Inglés;1;12;11;0;23
2024;46027127;46;Valencia/València;46250;València;C2;NIVEL AVANZADO;2;Valenciano;1;12;3;0;15
2024;46027127;46;Valencia/València;46250;València;Complementario Tipo A;SIN DEFINIR;A;Inglés;1;1;4;0;5
2024;46027127;46;Valencia/València;46250;València;Complementario Tipo B;SIN DEFINIR;B;Alemán;1;1;1;0;2
2024;46027127;46;Valencia/València;46250;València;Complementario Tipo B;SIN DEFINIR;B;Francés;4;12;6;0;18
2024;46027127;46;Valencia/València;46250;València;Complementario Tipo B;SIN DEFINIR;B;Inglés;11;65;27;0;92
2024;46027127;46;Valencia/València;46250;València;Complementario Tipo B;SIN DEFINIR;B;Italiano;2;7;2;0;9
2024;46027127;46;Valencia/València;46250;València;Complementario Tipo B;SIN DEFINIR;B;Valenciano;2;2;1;0;3
2024;46028661;46;Valencia/València;46145;Xàtiva;A2;NIVEL BÁSICO;1;Alemán;2;14;14;0;28
2024;46028661;46;Valencia/València;46145;Xàtiva;A2;NIVEL BÁSICO;1;Francés;2;18;21;0;39
2024;46028661;46;Valencia/València;46145;Xàtiva;A2;NIVEL BÁSICO;1;Inglés;3;55;33;0;88
2024;46028661;46;Valencia/València;46145;Xàtiva;A2;NIVEL BÁSICO;1;Italiano;2;28;16;0;44
2024;46028661;46;Valencia/València;46145;Xàtiva;A2;NIVEL BÁSICO;2;Alemán;1;6;3;0;9
2024;46028661;46;Valencia/València;46145;Xàtiva;A2;NIVEL BÁSICO;2;Francés;2;17;6;0;23
2024;46028661;46;Valencia/València;46145;Xàtiva;A2;NIVEL BÁSICO;2;Inglés;3;42;18;0;60
2024;46028661;46;Valencia/València;46145;Xàtiva;A2;NIVEL BÁSICO;2;Italiano;1;18;15;0;33
2024;46028661;46;Valencia/València;46145;Xàtiva;B1;NIVEL INTERMEDIO;1;Alemán;1;3;2;0;5
2024;46028661;46;Valencia/València;46145;Xàtiva;B1;NIVEL INTERMEDIO;1;Francés;1;5;4;0;9
2024;46028661;46;Valencia/València;46145;Xàtiva;B1;NIVEL INTERMEDIO;1;Inglés;6;83;58;0;141
2024;46028661;46;Valencia/València;46145;Xàtiva;B1;NIVEL INTERMEDIO;1;Italiano;1;22;8;0;30
2024;46028661;46;Valencia/València;46145;Xàtiva;B1;NIVEL INTERMEDIO;2;Alemán;1;0;2;0;2
2024;46028661;46;Valencia/València;46145;Xàtiva;B1;NIVEL INTERMEDIO;2;Francés;1;1;3;0;4
2024;46028661;46;Valencia/València;46145;Xàtiva;B1;NIVEL INTERMEDIO;2;Inglés;7;75;34;0;109
2024;46028661;46;Valencia/València;46145;Xàtiva;B2;NIVEL INTERMEDIO;1;Alemán;1;4;2;0;6
2024;46028661;46;Valencia/València;46145;Xàtiva;B2;NIVEL INTERMEDIO;1;Francés;1;5;5;0;10
2024;46028661;46;Valencia/València;46145;Xàtiva;B2;NIVEL INTERMEDIO;1;Inglés;7;67;43;0;110
2024;46028661;46;Valencia/València;46145;Xàtiva;B2;NIVEL INTERMEDIO;1;Valenciano;1;6;5;0;11
2024;46028661;46;Valencia/València;46145;Xàtiva;B2;NIVEL INTERMEDIO;2;Alemán;1;4;0;0;4
2024;46028661;46;Valencia/València;46145;Xàtiva;B2;NIVEL INTERMEDIO;2;Francés;1;1;1;0;2
2024;46028661;46;Valencia/València;46145;Xàtiva;B2;NIVEL INTERMEDIO;2;Inglés;7;58;46;0;104
2024;46028661;46;Valencia/València;46145;Xàtiva;C1;NIVEL AVANZADO;1;Inglés;3;22;16;0;38
2024;46028661;46;Valencia/València;46145;Xàtiva;C1;NIVEL AVANZADO;1;Valenciano;4;37;30;0;67
2024;46028661;46;Valencia/València;46145;Xàtiva;C1;NIVEL AVANZADO;2;Inglés;3;19;20;0;39
2024;46028661;46;Valencia/València;46145;Xàtiva;C2;NIVEL AVANZADO;1;Inglés;1;9;4;0;13
2024;46028661;46;Valencia/València;46145;Xàtiva;C2;NIVEL AVANZADO;1;Valenciano;3;24;12;0;36
2024;46028661;46;Valencia/València;46145;Xàtiva;C2;NIVEL AVANZADO;2;Inglés;1;8;5;0;13
2024;46028661;46;Valencia/València;46145;Xàtiva;C2;NIVEL AVANZADO;2;Valenciano;3;17;11;0;28
2024;46028661;46;Valencia/València;46145;Xàtiva;Complementario Tipo A;SIN DEFINIR;A;Inglés;4;8;7;0;15
2024;46031313;46;Valencia/València;46147;Llíria;A2;NIVEL BÁSICO;1;Alemán;2;9;10;0;19
2024;46031313;46;Valencia/València;46147;Llíria;A2;NIVEL BÁSICO;1;Español Como Lengua Extranjera;1;18;14;0;32
2024;46031313;46;Valencia/València;46147;Llíria;A2;NIVEL BÁSICO;1;Francés;2;32;13;0;45
2024;46031313;46;Valencia/València;46147;Llíria;A2;NIVEL BÁSICO;1;Inglés;4;75;42;0;117
2024;46031313;46;Valencia/València;46147;Llíria;A2;NIVEL BÁSICO;2;Alemán;2;3;5;0;8
2024;46031313;46;Valencia/València;46147;Llíria;A2;NIVEL BÁSICO;2;Español Como Lengua Extranjera;1;16;4;0;20
2024;46031313;46;Valencia/València;46147;Llíria;A2;NIVEL BÁSICO;2;Francés;3;21;9;0;30
2024;46031313;46;Valencia/València;46147;Llíria;A2;NIVEL BÁSICO;2;Inglés;5;75;55;0;130
2024;46031313;46;Valencia/València;46147;Llíria;B1;NIVEL INTERMEDIO;1;Alemán;1;6;2;0;8
2024;46031313;46;Valencia/València;46147;Llíria;B1;NIVEL INTERMEDIO;1;Español Como Lengua Extranjera;1;21;11;0;32
2024;46031313;46;Valencia/València;46147;Llíria;B1;NIVEL INTERMEDIO;1;Francés;2;15;8;0;23
2024;46031313;46;Valencia/València;46147;Llíria;B1;NIVEL INTERMEDIO;1;Inglés;6;91;50;0;141
2024;46031313;46;Valencia/València;46147;Llíria;B1;NIVEL INTERMEDIO;2;Alemán;1;3;2;0;5
2024;46031313;46;Valencia/València;46147;Llíria;B1;NIVEL INTERMEDIO;2;Francés;2;11;4;0;15
2024;46031313;46;Valencia/València;46147;Llíria;B1;NIVEL INTERMEDIO;2;Inglés;6;86;59;0;145
2024;46031313;46;Valencia/València;46147;Llíria;B2;NIVEL INTERMEDIO;1;Alemán;1;2;3;0;5
2024;46031313;46;Valencia/València;46147;Llíria;B2;NIVEL INTERMEDIO;1;Español Como Lengua Extranjera;1;10;4;0;14
2024;46031313;46;Valencia/València;46147;Llíria;B2;NIVEL INTERMEDIO;1;Francés;1;8;3;0;11
2024;46031313;46;Valencia/València;46147;Llíria;B2;NIVEL INTERMEDIO;1;Inglés;5;70;46;0;116
2024;46031313;46;Valencia/València;46147;Llíria;B2;NIVEL INTERMEDIO;1;Valenciano;3;24;10;0;34
2024;46031313;46;Valencia/València;46147;Llíria;B2;NIVEL INTERMEDIO;2;Alemán;1;5;1;0;6
2024;46031313;46;Valencia/València;46147;Llíria;B2;NIVEL INTERMEDIO;2;Francés;1;5;3;0;8
2024;46031313;46;Valencia/València;46147;Llíria;B2;NIVEL INTERMEDIO;2;Inglés;4;46;23;0;69
2024;46031313;46;Valencia/València;46147;Llíria;C1;NIVEL AVANZADO;1;Francés;1;8;2;0;10
2024;46031313;46;Valencia/València;46147;Llíria;C1;NIVEL AVANZADO;1;Inglés;4;44;20;0;64
2024;46031313;46;Valencia/València;46147;Llíria;C1;NIVEL AVANZADO;1;Valenciano;3;28;17;0;45
2024;46031313;46;Valencia/València;46147;Llíria;C1;NIVEL AVANZADO;2;Francés;1;6;1;0;7
2024;46031313;46;Valencia/València;46147;Llíria;C1;NIVEL AVANZADO;2;Inglés;2;24;12;0;36
2024;46031313;46;Valencia/València;46147;Llíria;C2;NIVEL AVANZADO;1;Valenciano;1;6;2;0;8
2024;46031313;46;Valencia/València;46147;Llíria;C2;NIVEL AVANZADO;2;Valenciano;1;3;0;0;3
2024;46031313;46;Valencia/València;46147;Llíria;Complementario Tipo A;SIN DEFINIR;A;Francés;1;3;0;0;3
2024;46031313;46;Valencia/València;46147;Llíria;Complementario Tipo A;SIN DEFINIR;A;Inglés;2;9;6;0;15
2024;46031313;46;Valencia/València;46147;Llíria;Complementario Tipo B;SIN DEFINIR;B;Inglés;1;7;0;0;7
2024;46031313;46;Valencia/València;46147;Llíria;Complementario Tipo B;SIN DEFINIR;B;Valenciano;1;1;0;0;1
2024;46031325;46;Valencia/València;46184;Ontinyent;A2;NIVEL BÁSICO;1;Alemán;1;16;11;0;27
2024;46031325;46;Valencia/València;46184;Ontinyent;A2;NIVEL BÁSICO;1;Francés;1;13;12;0;25
2024;46031325;46;Valencia/València;46184;Ontinyent;A2;NIVEL BÁSICO;1;Inglés;2;26;16;0;42
2024;46031325;46;Valencia/València;46184;Ontinyent;A2;NIVEL BÁSICO;2;Alemán;1;5;2;0;7
2024;46031325;46;Valencia/València;46184;Ontinyent;A2;NIVEL BÁSICO;2;Francés;1;6;3;0;9
2024;46031325;46;Valencia/València;46184;Ontinyent;A2;NIVEL BÁSICO;2;Inglés;2;16;21;0;37
2024;46031325;46;Valencia/València;46184;Ontinyent;B1;NIVEL INTERMEDIO;1;Alemán;1;4;1;0;5
2024;46031325;46;Valencia/València;46184;Ontinyent;B1;NIVEL INTERMEDIO;1;Francés;1;10;5;0;15
2024;46031325;46;Valencia/València;46184;Ontinyent;B1;NIVEL INTERMEDIO;1;Inglés;3;38;36;0;74
2024;46031325;46;Valencia/València;46184;Ontinyent;B1;NIVEL INTERMEDIO;2;Alemán;1;7;4;0;11
2024;46031325;46;Valencia/València;46184;Ontinyent;B1;NIVEL INTERMEDIO;2;Francés;1;5;1;0;6
2024;46031325;46;Valencia/València;46184;Ontinyent;B1;NIVEL INTERMEDIO;2;Inglés;3;27;25;0;52
2024;46031325;46;Valencia/València;46184;Ontinyent;B2;NIVEL INTERMEDIO;1;Inglés;4;35;19;0;54
2024;46031325;46;Valencia/València;46184;Ontinyent;B2;NIVEL INTERMEDIO;2;Inglés;3;45;18;0;63
2024;46031325;46;Valencia/València;46184;Ontinyent;C1;NIVEL AVANZADO;1;Inglés;2;23;12;0;35
2024;46031325;46;Valencia/València;46184;Ontinyent;C1;NIVEL AVANZADO;1;Valenciano;2;27;7;0;34
2024;46031325;46;Valencia/València;46184;Ontinyent;C1;NIVEL AVANZADO;2;Inglés;2;12;11;0;23
2024;46031325;46;Valencia/València;46184;Ontinyent;C2;NIVEL AVANZADO;1;Inglés;1;6;3;0;9
2024;46031325;46;Valencia/València;46184;Ontinyent;C2;NIVEL AVANZADO;1;Valenciano;1;13;5;0;18
2024;46031325;46;Valencia/València;46184;Ontinyent;C2;NIVEL AVANZADO;2;Inglés;1;1;2;0;3
2024;46031325;46;Valencia/València;46184;Ontinyent;C2;NIVEL AVANZADO;2;Valenciano;1;8;2;0;10
2024;46031325;46;Valencia/València;46184;Ontinyent;Complementario Tipo A;SIN DEFINIR;A;Alemán;1;2;1;0;3
2024;46031325;46;Valencia/València;46184;Ontinyent;Complementario Tipo A;SIN DEFINIR;A;Inglés;1;7;4;0;11
2024;46031337;46;Valencia/València;46244;Torrent;A2;NIVEL BÁSICO;1;Alemán;2;28;14;0;42
2024;46031337;46;Valencia/València;46244;Torrent;A2;NIVEL BÁSICO;1;Francés;2;28;15;0;43
2024;46031337;46;Valencia/València;46244;Torrent;A2;NIVEL BÁSICO;1;Inglés;5;110;43;0;153
2024;46031337;46;Valencia/València;46244;Torrent;A2;NIVEL BÁSICO;1;Italiano;2;38;13;0;51
2024;46031337;46;Valencia/València;46244;Torrent;A2;NIVEL BÁSICO;1;Valenciano;1;9;2;0;11
2024;46031337;46;Valencia/València;46244;Torrent;A2;NIVEL BÁSICO;2;Alemán;1;9;8;0;17
2024;46031337;46;Valencia/València;46244;Torrent;A2;NIVEL BÁSICO;2;Francés;1;8;6;0;14
2024;46031337;46;Valencia/València;46244;Torrent;A2;NIVEL BÁSICO;2;Inglés;5;87;58;0;145
2024;46031337;46;Valencia/València;46244;Torrent;A2;NIVEL BÁSICO;2;Italiano;1;13;8;0;21
2024;46031337;46;Valencia/València;46244;Torrent;B1;NIVEL INTERMEDIO;1;Alemán;1;8;7;0;15
2024;46031337;46;Valencia/València;46244;Torrent;B1;NIVEL INTERMEDIO;1;Francés;1;8;5;0;13
2024;46031337;46;Valencia/València;46244;Torrent;B1;NIVEL INTERMEDIO;1;Inglés;8;125;96;0;221
2024;46031337;46;Valencia/València;46244;Torrent;B1;NIVEL INTERMEDIO;1;Italiano;1;5;6;0;11
2024;46031337;46;Valencia/València;46244;Torrent;B1;NIVEL INTERMEDIO;1;Valenciano;1;9;7;0;16
2024;46031337;46;Valencia/València;46244;Torrent;B1;NIVEL INTERMEDIO;2;Alemán;1;7;2;0;9
2024;46031337;46;Valencia/València;46244;Torrent;B1;NIVEL INTERMEDIO;2;Francés;1;9;1;0;10
2024;46031337;46;Valencia/València;46244;Torrent;B1;NIVEL INTERMEDIO;2;Inglés;6;91;66;0;157
2024;46031337;46;Valencia/València;46244;Torrent;B2;NIVEL INTERMEDIO;1;Francés;1;5;2;0;7
2024;46031337;46;Valencia/València;46244;Torrent;B2;NIVEL INTERMEDIO;1;Inglés;6;92;61;0;153
2024;46031337;46;Valencia/València;46244;Torrent;B2;NIVEL INTERMEDIO;1;Valenciano;1;15;9;0;24
2024;46031337;46;Valencia/València;46244;Torrent;B2;NIVEL INTERMEDIO;2;Francés;1;8;2;0;10
2024;46031337;46;Valencia/València;46244;Torrent;B2;NIVEL INTERMEDIO;2;Inglés;6;53;31;0;84
2024;46031337;46;Valencia/València;46244;Torrent;C1;NIVEL AVANZADO;1;Inglés;2;36;15;0;51
2024;46031337;46;Valencia/València;46244;Torrent;C1;NIVEL AVANZADO;1;Valenciano;1;14;6;0;20
2024;46031337;46;Valencia/València;46244;Torrent;C1;NIVEL AVANZADO;2;Inglés;1;11;9;0;20
2024;46031337;46;Valencia/València;46244;Torrent;C2;NIVEL AVANZADO;1;Valenciano;1;11;5;0;16
2024;46031337;46;Valencia/València;46244;Torrent;C2;NIVEL AVANZADO;2;Valenciano;1;4;2;0;6
2024;46031337;46;Valencia/València;46244;Torrent;Complementario Tipo B;SIN DEFINIR;B;Inglés;5;22;22;0;44
2024;46031337;46;Valencia/València;46244;Torrent;Complementario Tipo B;SIN DEFINIR;B;Valenciano;1;1;0;0;1
2024;46036414;46;Valencia/València;46250;València;A2;NIVEL BÁSICO;1;Alemán;1;18;13;0;31
2024;46036414;46;Valencia/València;46250;València;A2;NIVEL BÁSICO;1;Francés;3;35;31;0;66
2024;46036414;46;Valencia/València;46250;València;A2;NIVEL BÁSICO;1;Inglés;8;147;75;0;222
2024;46036414;46;Valencia/València;46250;València;A2;NIVEL BÁSICO;1;Valenciano;1;23;7;0;30
2024;46036414;46;Valencia/València;46250;València;A2;NIVEL BÁSICO;2;Alemán;1;8;8;0;16
2024;46036414;46;Valencia/València;46250;València;A2;NIVEL BÁSICO;2;Francés;2;20;12;0;32
2024;46036414;46;Valencia/València;46250;València;A2;NIVEL BÁSICO;2;Inglés;8;82;50;0;132
2024;46036414;46;Valencia/València;46250;València;B1;NIVEL INTERMEDIO;1;Alemán;1;2;0;0;2
2024;46036414;46;Valencia/València;46250;València;B1;NIVEL INTERMEDIO;1;Francés;2;20;12;0;32
2024;46036414;46;Valencia/València;46250;València;B1;NIVEL INTERMEDIO;1;Inglés;9;159;94;0;253
2024;46036414;46;Valencia/València;46250;València;B1;NIVEL INTERMEDIO;1;Valenciano;2;21;10;0;31
2024;46036414;46;Valencia/València;46250;València;B1;NIVEL INTERMEDIO;2;Alemán;1;3;4;0;7
2024;46036414;46;Valencia/València;46250;València;B1;NIVEL INTERMEDIO;2;Francés;1;9;9;0;18
2024;46036414;46;Valencia/València;46250;València;B1;NIVEL INTERMEDIO;2;Inglés;9;117;83;0;200
2024;46036414;46;Valencia/València;46250;València;B2;NIVEL INTERMEDIO;1;Inglés;9;133;101;0;234
2024;46036414;46;Valencia/València;46250;València;B2;NIVEL INTERMEDIO;1;Valenciano;4;49;25;0;74
2024;46036414;46;Valencia/València;46250;València;B2;NIVEL INTERMEDIO;2;Inglés;7;96;67;0;163
2024;46036414;46;Valencia/València;46250;València;C1;NIVEL AVANZADO;1;Inglés;7;105;54;0;159
2024;46036414;46;Valencia/València;46250;València;C1;NIVEL AVANZADO;1;Valenciano;3;32;24;0;56
2024;46036414;46;Valencia/València;46250;València;C1;NIVEL AVANZADO;2;Inglés;4;54;30;0;84
2024;46036414;46;Valencia/València;46250;València;C2;NIVEL AVANZADO;1;Inglés;2;24;18;0;42
2024;46036414;46;Valencia/València;46250;València;C2;NIVEL AVANZADO;1;Valenciano;2;27;5;0;32
2024;46036414;46;Valencia/València;46250;València;C2;NIVEL AVANZADO;2;Inglés;1;14;7;0;21
2024;46036414;46;Valencia/València;46250;València;C2;NIVEL AVANZADO;2;Valenciano;1;14;3;0;17
2024;46036414;46;Valencia/València;46250;València;Complementario Tipo A;SIN DEFINIR;A;Inglés;4;24;15;0;39
2024;46036426;46;Valencia/València;46190;Paterna;A2;NIVEL BÁSICO;1;Alemán;2;8;13;0;21
2024;46036426;46;Valencia/València;46190;Paterna;A2;NIVEL BÁSICO;1;Francés;2;34;10;0;44
2024;46036426;46;Valencia/València;46190;Paterna;A2;NIVEL BÁSICO;1;Inglés;4;66;36;0;102
2024;46036426;46;Valencia/València;46190;Paterna;A2;NIVEL BÁSICO;1;Italiano;2;19;16;0;35
2024;46036426;46;Valencia/València;46190;Paterna;A2;NIVEL BÁSICO;2;Alemán;1;5;4;0;9
2024;46036426;46;Valencia/València;46190;Paterna;A2;NIVEL BÁSICO;2;Francés;2;16;5;0;21
2024;46036426;46;Valencia/València;46190;Paterna;A2;NIVEL BÁSICO;2;Inglés;3;51;35;0;86
2024;46036426;46;Valencia/València;46190;Paterna;A2;NIVEL BÁSICO;2;Italiano;1;15;8;0;23
2024;46036426;46;Valencia/València;46190;Paterna;B1;NIVEL INTERMEDIO;1;Alemán;1;9;3;0;12
2024;46036426;46;Valencia/València;46190;Paterna;B1;NIVEL INTERMEDIO;1;Francés;1;10;2;0;12
2024;46036426;46;Valencia/València;46190;Paterna;B1;NIVEL INTERMEDIO;1;Inglés;7;103;61;0;164
2024;46036426;46;Valencia/València;46190;Paterna;B1;NIVEL INTERMEDIO;1;Italiano;1;16;1;0;17
2024;46036426;46;Valencia/València;46190;Paterna;B1;NIVEL INTERMEDIO;1;Valenciano;1;5;1;0;6
2024;46036426;46;Valencia/València;46190;Paterna;B1;NIVEL INTERMEDIO;2;Alemán;1;5;8;0;13
2024;46036426;46;Valencia/València;46190;Paterna;B1;NIVEL INTERMEDIO;2;Francés;1;5;3;0;8
2024;46036426;46;Valencia/València;46190;Paterna;B1;NIVEL INTERMEDIO;2;Inglés;4;74;40;0;114
2024;46036426;46;Valencia/València;46190;Paterna;B2;NIVEL INTERMEDIO;1;Inglés;4;64;41;0;105
2024;46036426;46;Valencia/València;46190;Paterna;B2;NIVEL INTERMEDIO;1;Valenciano;2;21;7;0;28
2024;46036426;46;Valencia/València;46190;Paterna;B2;NIVEL INTERMEDIO;2;Inglés;4;66;45;0;111
2024;46036426;46;Valencia/València;46190;Paterna;C1;NIVEL AVANZADO;1;Inglés;3;48;23;0;71
2024;46036426;46;Valencia/València;46190;Paterna;C1;NIVEL AVANZADO;1;Valenciano;3;31;9;0;40
2024;46036426;46;Valencia/València;46190;Paterna;C1;NIVEL AVANZADO;2;Inglés;2;19;19;0;38
2024;46036426;46;Valencia/València;46190;Paterna;C2;NIVEL AVANZADO;1;Valenciano;2;20;1;0;21
2024;46036426;46;Valencia/València;46190;Paterna;C2;NIVEL AVANZADO;2;Valenciano;2;11;2;0;13
2024;46036426;46;Valencia/València;46190;Paterna;Complementario Tipo A;SIN DEFINIR;A;Inglés;2;15;10;0;25
2024;46036426;46;Valencia/València;46190;Paterna;Complementario Tipo B;SIN DEFINIR;B;Francés;1;6;1;0;7
2024;46036426;46;Valencia/València;46190;Paterna;Complementario Tipo B;SIN DEFINIR;B;Inglés;1;12;4;0;16
2024;46036426;46;Valencia/València;46190;Paterna;Complementario Tipo B;SIN DEFINIR;B;Valenciano;1;2;1;0;3
